Library,Status,Mypy,Pyright,Type Checked Samples,Pylint,Sphinx,Tests - CI,Tests - Live,Tests - Samples,SLA - Questions,SLA - Bugs,Total customer-reported issues,Mypy_link,Pyright_link,Pylint_link,Sphinx_link,Tests - CI_link,Tests - Live_link,Tests - Samples_link,SLA - Questions_link,SLA - Bugs_link,Total customer-reported issues_link,Last Refresh,SDK Owned
azure-agrifood-farming,BLOCKED,DISABLED,DISABLED,DISABLED,DISABLED,DISABLED,DISABLED,DISABLED,DISABLED,0,0,0,,,,,,,,,,,10-09-2026 04:11:47,False
azure-ai-agents,BLOCKED,WARNING,PASS,ENABLED,WARNING,PASS,FAIL,UNKNOWN,DISABLED,6,0,11,https://dev.azure.com/azure-sdk/590cfd2a-581c-4dcb-a12e-6568ce786175/_build/results?buildId=6616807,https://dev.azure.com/azure-sdk/590cfd2a-581c-4dcb-a12e-6568ce786175/_build/results?buildId=6934493,https://dev.azure.com/azure-sdk/590cfd2a-581c-4dcb-a12e-6568ce786175/_build/results?buildId=6616807,https://dev.azure.com/azure-sdk/590cfd2a-581c-4dcb-a12e-6568ce786175/_build/results?buildId=6934493,https://dev.azure.com/azure-sdk/590cfd2a-581c-4dcb-a12e-6568ce786175/_build/results?buildId=6934493,https://dev.azure.com/azure-sdk/590cfd2a-581c-4dcb-a12e-6568ce786175/_build/results?buildId=6906439,,https://github.com/Azure/azure-sdk-for-python/issues?q=is%3Aopen+is%3Aissue+label%3Acustomer-reported+label%3AClient+-label%3Aissue-addressed+-label%3Abug+-label%3Aneeds-author-feedback+-label%3Afeature-request+label%3A%22AI+Agents%22+created%3A%22%3C2026-09-09%22,,https://github.com/Azure/azure-sdk-for-python/issues?q=is%3Aopen+is%3Aissue+label%3Acustomer-reported+label%3AClient+label%3A%22AI+Agents%22,10-09-2026 04:11:47,False
azure-ai-agentserver-activity,BLOCKED,FAIL,FAIL,DISABLED,WARNING,PASS,FAIL,FAIL,DISABLED,7,5,12,https://dev.azure.com/azure-sdk/590cfd2a-581c-4dcb-a12e-6568ce786175/_build/results?buildId=6932222,https://dev.azure.com/azure-sdk/590cfd2a-581c-4dcb-a12e-6568ce786175/_build/results?buildId=6932222,https://dev.azure.com/azure-sdk/590cfd2a-581c-4dcb-a12e-6568ce786175/_build/results?buildId=6616778,https://dev.azure.com/azure-sdk/590cfd2a-581c-4dcb-a12e-6568ce786175/_build/results?buildId=6932222,https://dev.azure.com/azure-sdk/590cfd2a-581c-4dcb-a12e-6568ce786175/_build/results?buildId=6932222,https://dev.azure.com/azure-sdk/590cfd2a-581c-4dcb-a12e-6568ce786175/_build/results?buildId=6932280,,https://github.com/Azure/azure-sdk-for-python/issues?q=is%3Aopen+is%3Aissue+label%3Acustomer-reported+label%3AClient+-label%3Aissue-addressed+-label%3Abug+-label%3Aneeds-author-feedback+-label%3Afeature-request+label%3A%22Hosted+Agents%22+created%3A%22%3C2026-09-09%22,https://github.com/Azure/azure-sdk-for-python/issues?q=is%3Aopen+is%3Aissue+label%3Acustomer-reported+label%3AClient+-label%3Aissue-addressed+-label%3Aquestion+-label%3Aneeds-author-feedback+-label%3Afeature-request+label%3A%22Hosted+Agents%22+created%3A%22%3C2026-07-11%22,https://github.com/Azure/azure-sdk-for-python/issues?q=is%3Aopen+is%3Aissue+label%3Acustomer-reported+label%3AClient+label%3A%22Hosted+Agents%22,10-09-2026 04:11:47,False
azure-ai-agentserver-core,BLOCKED,FAIL,FAIL,DISABLED,WARNING,PASS,FAIL,FAIL,DISABLED,7,5,12,https://dev.azure.com/azure-sdk/590cfd2a-581c-4dcb-a12e-6568ce786175/_build/results?buildId=6932222,https://dev.azure.com/azure-sdk/590cfd2a-581c-4dcb-a12e-6568ce786175/_build/results?buildId=6932222,https://dev.azure.com/azure-sdk/590cfd2a-581c-4dcb-a12e-6568ce786175/_build/results?buildId=6616778,https://dev.azure.com/azure-sdk/590cfd2a-581c-4dcb-a12e-6568ce786175/_build/results?buildId=6932222,https://dev.azure.com/azure-sdk/590cfd2a-581c-4dcb-a12e-6568ce786175/_build/results?buildId=6932222,https://dev.azure.com/azure-sdk/590cfd2a-581c-4dcb-a12e-6568ce786175/_build/results?buildId=6932280,,https://github.com/Azure/azure-sdk-for-python/issues?q=is%3Aopen+is%3Aissue+label%3Acustomer-reported+label%3AClient+-label%3Aissue-addressed+-label%3Abug+-label%3Aneeds-author-feedback+-label%3Afeature-request+label%3A%22Hosted+Agents%22+created%3A%22%3C2026-09-09%22,https://github.com/Azure/azure-sdk-for-python/issues?q=is%3Aopen+is%3Aissue+label%3Acustomer-reported+label%3AClient+-label%3Aissue-addressed+-label%3Aquestion+-label%3Aneeds-author-feedback+-label%3Afeature-request+label%3A%22Hosted+Agents%22+created%3A%22%3C2026-07-11%22,https://github.com/Azure/azure-sdk-for-python/issues?q=is%3Aopen+is%3Aissue+label%3Acustomer-reported+label%3AClient+label%3A%22Hosted+Agents%22,10-09-2026 04:11:47,False
azure-ai-agentserver-invocations,BLOCKED,FAIL,FAIL,DISABLED,WARNING,PASS,FAIL,FAIL,DISABLED,7,5,12,https://dev.azure.com/azure-sdk/590cfd2a-581c-4dcb-a12e-6568ce786175/_build/results?buildId=6932222,https://dev.azure.com/azure-sdk/590cfd2a-581c-4dcb-a12e-6568ce786175/_build/results?buildId=6932222,https://dev.azure.com/azure-sdk/590cfd2a-581c-4dcb-a12e-6568ce786175/_build/results?buildId=6616778,https://dev.azure.com/azure-sdk/590cfd2a-581c-4dcb-a12e-6568ce786175/_build/results?buildId=6932222,https://dev.azure.com/azure-sdk/590cfd2a-581c-4dcb-a12e-6568ce786175/_build/results?buildId=6932222,https://dev.azure.com/azure-sdk/590cfd2a-581c-4dcb-a12e-6568ce786175/_build/results?buildId=6932280,,https://github.com/Azure/azure-sdk-for-python/issues?q=is%3Aopen+is%3Aissue+label%3Acustomer-reported+label%3AClient+-label%3Aissue-addressed+-label%3Abug+-label%3Aneeds-author-feedback+-label%3Afeature-request+label%3A%22Hosted+Agents%22+created%3A%22%3C2026-09-09%22,https://github.com/Azure/azure-sdk-for-python/issues?q=is%3Aopen+is%3Aissue+label%3Acustomer-reported+label%3AClient+-label%3Aissue-addressed+-label%3Aquestion+-label%3Aneeds-author-feedback+-label%3Afeature-request+label%3A%22Hosted+Agents%22+created%3A%22%3C2026-07-11%22,https://github.com/Azure/azure-sdk-for-python/issues?q=is%3Aopen+is%3Aissue+label%3Acustomer-reported+label%3AClient+label%3A%22Hosted+Agents%22,10-09-2026 04:11:47,False
azure-ai-agentserver-optimization,BLOCKED,FAIL,FAIL,DISABLED,WARNING,PASS,FAIL,FAIL,DISABLED,7,5,12,https://dev.azure.com/azure-sdk/590cfd2a-581c-4dcb-a12e-6568ce786175/_build/results?buildId=6932222,https://dev.azure.com/azure-sdk/590cfd2a-581c-4dcb-a12e-6568ce786175/_build/results?buildId=6932222,https://dev.azure.com/azure-sdk/590cfd2a-581c-4dcb-a12e-6568ce786175/_build/results?buildId=6616778,https://dev.azure.com/azure-sdk/590cfd2a-581c-4dcb-a12e-6568ce786175/_build/results?buildId=6932222,https://dev.azure.com/azure-sdk/590cfd2a-581c-4dcb-a12e-6568ce786175/_build/results?buildId=6932222,https://dev.azure.com/azure-sdk/590cfd2a-581c-4dcb-a12e-6568ce786175/_build/results?buildId=6932280,,https://github.com/Azure/azure-sdk-for-python/issues?q=is%3Aopen+is%3Aissue+label%3Acustomer-reported+label%3AClient+-label%3Aissue-addressed+-label%3Abug+-label%3Aneeds-author-feedback+-label%3Afeature-request+label%3A%22Hosted+Agents%22+created%3A%22%3C2026-09-09%22,https://github.com/Azure/azure-sdk-for-python/issues?q=is%3Aopen+is%3Aissue+label%3Acustomer-reported+label%3AClient+-label%3Aissue-addressed+-label%3Aquestion+-label%3Aneeds-author-feedback+-label%3Afeature-request+label%3A%22Hosted+Agents%22+created%3A%22%3C2026-07-11%22,https://github.com/Azure/azure-sdk-for-python/issues?q=is%3Aopen+is%3Aissue+label%3Acustomer-reported+label%3AClient+label%3A%22Hosted+Agents%22,10-09-2026 04:11:47,False
azure-ai-agentserver-responses,BLOCKED,FAIL,FAIL,ENABLED,WARNING,PASS,FAIL,FAIL,DISABLED,7,5,12,https://dev.azure.com/azure-sdk/590cfd2a-581c-4dcb-a12e-6568ce786175/_build/results?buildId=6932222,https://dev.azure.com/azure-sdk/590cfd2a-581c-4dcb-a12e-6568ce786175/_build/results?buildId=6932222,https://dev.azure.com/azure-sdk/590cfd2a-581c-4dcb-a12e-6568ce786175/_build/results?buildId=6616778,https://dev.azure.com/azure-sdk/590cfd2a-581c-4dcb-a12e-6568ce786175/_build/results?buildId=6932222,https://dev.azure.com/azure-sdk/590cfd2a-581c-4dcb-a12e-6568ce786175/_build/results?buildId=6932222,https://dev.azure.com/azure-sdk/590cfd2a-581c-4dcb-a12e-6568ce786175/_build/results?buildId=6932280,,https://github.com/Azure/azure-sdk-for-python/issues?q=is%3Aopen+is%3Aissue+label%3Acustomer-reported+label%3AClient+-label%3Aissue-addressed+-label%3Abug+-label%3Aneeds-author-feedback+-label%3Afeature-request+label%3A%22Hosted+Agents%22+created%3A%22%3C2026-09-09%22,https://github.com/Azure/azure-sdk-for-python/issues?q=is%3Aopen+is%3Aissue+label%3Acustomer-reported+label%3AClient+-label%3Aissue-addressed+-label%3Aquestion+-label%3Aneeds-author-feedback+-label%3Afeature-request+label%3A%22Hosted+Agents%22+created%3A%22%3C2026-07-11%22,https://github.com/Azure/azure-sdk-for-python/issues?q=is%3Aopen+is%3Aissue+label%3Acustomer-reported+label%3AClient+label%3A%22Hosted+Agents%22,10-09-2026 04:11:47,False
azure-ai-contentsafety,NEEDS_ACTION,PASS,WARNING,ENABLED,WARNING,PASS,PASS,UNKNOWN,DISABLED,0,0,1,https://dev.azure.com/azure-sdk/590cfd2a-581c-4dcb-a12e-6568ce786175/_build/results?buildId=6934857,https://dev.azure.com/azure-sdk/590cfd2a-581c-4dcb-a12e-6568ce786175/_build/results?buildId=6616789,https://dev.azure.com/azure-sdk/590cfd2a-581c-4dcb-a12e-6568ce786175/_build/results?buildId=6616789,https://dev.azure.com/azure-sdk/590cfd2a-581c-4dcb-a12e-6568ce786175/_build/results?buildId=6934857,https://dev.azure.com/azure-sdk/590cfd2a-581c-4dcb-a12e-6568ce786175/_build/results?buildId=6934857,https://dev.azure.com/azure-sdk/590cfd2a-581c-4dcb-a12e-6568ce786175/_build/results?buildId=6906365,,,,https://github.com/Azure/azure-sdk-for-python/issues?q=is%3Aopen+is%3Aissue+label%3Acustomer-reported+label%3AClient+label%3A%22Cognitive+-+Content+Safety%22,10-09-2026 04:11:47,False
azure-ai-contentunderstanding,NEEDS_ACTION,WARNING,WARNING,ENABLED,WARNING,PASS,PASS,UNKNOWN,UNKNOWN,3,0,3,https://dev.azure.com/azure-sdk/590cfd2a-581c-4dcb-a12e-6568ce786175/_build/results?buildId=6916311,https://dev.azure.com/azure-sdk/590cfd2a-581c-4dcb-a12e-6568ce786175/_build/results?buildId=6916311,https://dev.azure.com/azure-sdk/590cfd2a-581c-4dcb-a12e-6568ce786175/_build/results?buildId=6916311,https://dev.azure.com/azure-sdk/590cfd2a-581c-4dcb-a12e-6568ce786175/_build/results?buildId=6935275,https://dev.azure.com/azure-sdk/590cfd2a-581c-4dcb-a12e-6568ce786175/_build/results?buildId=6935275,https://dev.azure.com/azure-sdk/590cfd2a-581c-4dcb-a12e-6568ce786175/_build/results?buildId=6935359,https://dev.azure.com/azure-sdk/590cfd2a-581c-4dcb-a12e-6568ce786175/_build/results?buildId=6935359,https://github.com/Azure/azure-sdk-for-python/issues?q=is%3Aopen+is%3Aissue+label%3Acustomer-reported+label%3AClient+-label%3Aissue-addressed+-label%3Abug+-label%3Aneeds-author-feedback+-label%3Afeature-request+label%3A%22Cognitive+-+Content+Understanding%22+created%3A%22%3C2026-09-09%22,,https://github.com/Azure/azure-sdk-for-python/issues?q=is%3Aopen+is%3Aissue+label%3Acustomer-reported+label%3AClient+label%3A%22Cognitive+-+Content+Understanding%22,10-09-2026 04:11:47,False
azure-ai-discovery,NEEDS_ACTION,WARNING,WARNING,ENABLED,WARNING,PASS,PASS,UNKNOWN,DISABLED,0,0,0,,,,https://dev.azure.com/azure-sdk/590cfd2a-581c-4dcb-a12e-6568ce786175/_build/results?buildId=6934753,https://dev.azure.com/azure-sdk/590cfd2a-581c-4dcb-a12e-6568ce786175/_build/results?buildId=6934753,,,,,,10-09-2026 04:11:47,False
azure-ai-documentintelligence,BLOCKED,PASS,DISABLED,ENABLED,FAIL,PASS,PASS,UNKNOWN,UNKNOWN,16,0,18,https://dev.azure.com/azure-sdk/590cfd2a-581c-4dcb-a12e-6568ce786175/_build/results?buildId=6933390,,https://dev.azure.com/azure-sdk/590cfd2a-581c-4dcb-a12e-6568ce786175/_build/results?buildId=6933390,https://dev.azure.com/azure-sdk/590cfd2a-581c-4dcb-a12e-6568ce786175/_build/results?buildId=6933390,https://dev.azure.com/azure-sdk/590cfd2a-581c-4dcb-a12e-6568ce786175/_build/results?buildId=6933390,https://dev.azure.com/azure-sdk/590cfd2a-581c-4dcb-a12e-6568ce786175/_build/results?buildId=6933405,https://dev.azure.com/azure-sdk/590cfd2a-581c-4dcb-a12e-6568ce786175/_build/results?buildId=6933405,https://github.com/Azure/azure-sdk-for-python/issues?q=is%3Aopen+is%3Aissue+label%3Acustomer-reported+label%3AClient+-label%3Aissue-addressed+-label%3Abug+-label%3Aneeds-author-feedback+-label%3Afeature-request+label%3A%22Document+Intelligence%22+created%3A%22%3C2026-09-09%22,,https://github.com/Azure/azure-sdk-for-python/issues?q=is%3Aopen+is%3Aissue+label%3Acustomer-reported+label%3AClient+label%3A%22Document+Intelligence%22,10-09-2026 04:11:47,True
azure-ai-evaluation,BLOCKED,DISABLED,DISABLED,ENABLED,DISABLED,PASS,FAIL,UNKNOWN,UNKNOWN,0,1,5,,,,https://dev.azure.com/azure-sdk/590cfd2a-581c-4dcb-a12e-6568ce786175/_build/results?buildId=6935042,https://dev.azure.com/azure-sdk/590cfd2a-581c-4dcb-a12e-6568ce786175/_build/results?buildId=6935042,https://dev.azure.com/azure-sdk/590cfd2a-581c-4dcb-a12e-6568ce786175/_build/results?buildId=6935107,https://dev.azure.com/azure-sdk/590cfd2a-581c-4dcb-a12e-6568ce786175/_build/results?buildId=6935107,,https://github.com/Azure/azure-sdk-for-python/issues?q=is%3Aopen+is%3Aissue+label%3Acustomer-reported+label%3AClient+-label%3Aissue-addressed+-label%3Aquestion+-label%3Aneeds-author-feedback+-label%3Afeature-request+label%3A%22Evaluation%22+created%3A%22%3C2026-07-11%22,https://github.com/Azure/azure-sdk-for-python/issues?q=is%3Aopen+is%3Aissue+label%3Acustomer-reported+label%3AClient+label%3A%22Evaluation%22,10-09-2026 04:11:47,False
azure-ai-finetuningsessions,BLOCKED,WARNING,PASS,ENABLED,WARNING,PASS,FAIL,UNKNOWN,DISABLED,9,0,11,https://dev.azure.com/azure-sdk/590cfd2a-581c-4dcb-a12e-6568ce786175/_build/results?buildId=6616807,https://dev.azure.com/azure-sdk/590cfd2a-581c-4dcb-a12e-6568ce786175/_build/results?buildId=6934493,https://dev.azure.com/azure-sdk/590cfd2a-581c-4dcb-a12e-6568ce786175/_build/results?buildId=6616807,https://dev.azure.com/azure-sdk/590cfd2a-581c-4dcb-a12e-6568ce786175/_build/results?buildId=6934493,https://dev.azure.com/azure-sdk/590cfd2a-581c-4dcb-a12e-6568ce786175/_build/results?buildId=6934493,https://dev.azure.com/azure-sdk/590cfd2a-581c-4dcb-a12e-6568ce786175/_build/results?buildId=6906439,,https://github.com/Azure/azure-sdk-for-python/issues?q=is%3Aopen+is%3Aissue+label%3Acustomer-reported+label%3AClient+-label%3Aissue-addressed+-label%3Abug+-label%3Aneeds-author-feedback+-label%3Afeature-request+label%3A%22AI%22+created%3A%22%3C2026-09-09%22,,https://github.com/Azure/azure-sdk-for-python/issues?q=is%3Aopen+is%3Aissue+label%3Acustomer-reported+label%3AClient+label%3A%22AI%22,10-09-2026 04:11:47,False
azure-ai-formrecognizer,BLOCKED,FAIL,DISABLED,ENABLED,DISABLED,PASS,PASS,FAIL,UNKNOWN,1,0,1,https://dev.azure.com/azure-sdk/590cfd2a-581c-4dcb-a12e-6568ce786175/_build/results?buildId=6931234,,,https://dev.azure.com/azure-sdk/590cfd2a-581c-4dcb-a12e-6568ce786175/_build/results?buildId=6931234,https://dev.azure.com/azure-sdk/590cfd2a-581c-4dcb-a12e-6568ce786175/_build/results?buildId=6931234,https://dev.azure.com/azure-sdk/590cfd2a-581c-4dcb-a12e-6568ce786175/_build/results?buildId=6933733,https://dev.azure.com/azure-sdk/590cfd2a-581c-4dcb-a12e-6568ce786175/_build/results?buildId=6933733,https://github.com/Azure/azure-sdk-for-python/issues?q=is%3Aopen+is%3Aissue+label%3Acustomer-reported+label%3AClient+-label%3Aissue-addressed+-label%3Abug+-label%3Aneeds-author-feedback+-label%3Afeature-request+label%3A%22Cognitive+-+Form+Recognizer%22+created%3A%22%3C2026-09-09%22,,https://github.com/Azure/azure-sdk-for-python/issues?q=is%3Aopen+is%3Aissue+label%3Acustomer-reported+label%3AClient+label%3A%22Cognitive+-+Form+Recognizer%22,10-09-2026 04:11:47,True
azure-ai-language-conversations,NEEDS_ACTION,WARNING,PASS,ENABLED,WARNING,PASS,PASS,FAIL,UNKNOWN,0,0,0,https://dev.azure.com/azure-sdk/590cfd2a-581c-4dcb-a12e-6568ce786175/_build/results?buildId=6617575,https://dev.azure.com/azure-sdk/590cfd2a-581c-4dcb-a12e-6568ce786175/_build/results?buildId=6933468,https://dev.azure.com/azure-sdk/590cfd2a-581c-4dcb-a12e-6568ce786175/_build/results?buildId=6617575,https://dev.azure.com/azure-sdk/590cfd2a-581c-4dcb-a12e-6568ce786175/_build/results?buildId=6933468,https://dev.azure.com/azure-sdk/590cfd2a-581c-4dcb-a12e-6568ce786175/_build/results?buildId=6933468,https://dev.azure.com/azure-sdk/590cfd2a-581c-4dcb-a12e-6568ce786175/_build/results?buildId=6932768,https://dev.azure.com/azure-sdk/590cfd2a-581c-4dcb-a12e-6568ce786175/_build/results?buildId=6932768,,,,10-09-2026 04:11:47,False
azure-ai-language-conversations-authoring,NEEDS_ACTION,WARNING,PASS,ENABLED,WARNING,PASS,PASS,FAIL,UNKNOWN,0,0,0,https://dev.azure.com/azure-sdk/590cfd2a-581c-4dcb-a12e-6568ce786175/_build/results?buildId=6617575,https://dev.azure.com/azure-sdk/590cfd2a-581c-4dcb-a12e-6568ce786175/_build/results?buildId=6933468,https://dev.azure.com/azure-sdk/590cfd2a-581c-4dcb-a12e-6568ce786175/_build/results?buildId=6617575,https://dev.azure.com/azure-sdk/590cfd2a-581c-4dcb-a12e-6568ce786175/_build/results?buildId=6933468,https://dev.azure.com/azure-sdk/590cfd2a-581c-4dcb-a12e-6568ce786175/_build/results?buildId=6933468,https://dev.azure.com/azure-sdk/590cfd2a-581c-4dcb-a12e-6568ce786175/_build/results?buildId=6932768,https://dev.azure.com/azure-sdk/590cfd2a-581c-4dcb-a12e-6568ce786175/_build/results?buildId=6932768,,,,10-09-2026 04:11:47,False
azure-ai-language-documents,NEEDS_ACTION,WARNING,PASS,ENABLED,WARNING,PASS,PASS,FAIL,UNKNOWN,0,0,0,https://dev.azure.com/azure-sdk/590cfd2a-581c-4dcb-a12e-6568ce786175/_build/results?buildId=6617575,https://dev.azure.com/azure-sdk/590cfd2a-581c-4dcb-a12e-6568ce786175/_build/results?buildId=6933468,https://dev.azure.com/azure-sdk/590cfd2a-581c-4dcb-a12e-6568ce786175/_build/results?buildId=6617575,https://dev.azure.com/azure-sdk/590cfd2a-581c-4dcb-a12e-6568ce786175/_build/results?buildId=6933468,https://dev.azure.com/azure-sdk/590cfd2a-581c-4dcb-a12e-6568ce786175/_build/results?buildId=6933468,https://dev.azure.com/azure-sdk/590cfd2a-581c-4dcb-a12e-6568ce786175/_build/results?buildId=6932768,https://dev.azure.com/azure-sdk/590cfd2a-581c-4dcb-a12e-6568ce786175/_build/results?buildId=6932768,,,,10-09-2026 04:11:47,False
azure-ai-language-questionanswering,NEEDS_ACTION,WARNING,PASS,ENABLED,WARNING,PASS,PASS,FAIL,UNKNOWN,0,0,0,https://dev.azure.com/azure-sdk/590cfd2a-581c-4dcb-a12e-6568ce786175/_build/results?buildId=6617575,https://dev.azure.com/azure-sdk/590cfd2a-581c-4dcb-a12e-6568ce786175/_build/results?buildId=6933468,https://dev.azure.com/azure-sdk/590cfd2a-581c-4dcb-a12e-6568ce786175/_build/results?buildId=6617575,https://dev.azure.com/azure-sdk/590cfd2a-581c-4dcb-a12e-6568ce786175/_build/results?buildId=6933468,https://dev.azure.com/azure-sdk/590cfd2a-581c-4dcb-a12e-6568ce786175/_build/results?buildId=6933468,https://dev.azure.com/azure-sdk/590cfd2a-581c-4dcb-a12e-6568ce786175/_build/results?buildId=6932768,https://dev.azure.com/azure-sdk/590cfd2a-581c-4dcb-a12e-6568ce786175/_build/results?buildId=6932768,,,,10-09-2026 04:11:47,False
azure-ai-language-questionanswering-authoring,NEEDS_ACTION,WARNING,PASS,ENABLED,WARNING,PASS,PASS,FAIL,UNKNOWN,0,0,0,https://dev.azure.com/azure-sdk/590cfd2a-581c-4dcb-a12e-6568ce786175/_build/results?buildId=6617575,https://dev.azure.com/azure-sdk/590cfd2a-581c-4dcb-a12e-6568ce786175/_build/results?buildId=6933468,https://dev.azure.com/azure-sdk/590cfd2a-581c-4dcb-a12e-6568ce786175/_build/results?buildId=6617575,https://dev.azure.com/azure-sdk/590cfd2a-581c-4dcb-a12e-6568ce786175/_build/results?buildId=6933468,https://dev.azure.com/azure-sdk/590cfd2a-581c-4dcb-a12e-6568ce786175/_build/results?buildId=6933468,https://dev.azure.com/azure-sdk/590cfd2a-581c-4dcb-a12e-6568ce786175/_build/results?buildId=6932768,https://dev.azure.com/azure-sdk/590cfd2a-581c-4dcb-a12e-6568ce786175/_build/results?buildId=6932768,,,,10-09-2026 04:11:47,False
azure-ai-ml,BLOCKED,PASS,DISABLED,ENABLED,WARNING,PASS,FAIL,PASS,PASS,12,3,25,https://dev.azure.com/azure-sdk/590cfd2a-581c-4dcb-a12e-6568ce786175/_build/results?buildId=6933744,,https://dev.azure.com/azure-sdk/590cfd2a-581c-4dcb-a12e-6568ce786175/_build/results?buildId=6617778,https://dev.azure.com/azure-sdk/590cfd2a-581c-4dcb-a12e-6568ce786175/_build/results?buildId=6933744,https://dev.azure.com/azure-sdk/590cfd2a-581c-4dcb-a12e-6568ce786175/_build/results?buildId=6933744,https://dev.azure.com/azure-sdk/590cfd2a-581c-4dcb-a12e-6568ce786175/_build/results?buildId=1791608,https://dev.azure.com/azure-sdk/590cfd2a-581c-4dcb-a12e-6568ce786175/_build/results?buildId=1791608,https://github.com/Azure/azure-sdk-for-python/issues?q=is%3Aopen+is%3Aissue+label%3Acustomer-reported+label%3AClient+-label%3Aissue-addressed+-label%3Abug+-label%3Aneeds-author-feedback+-label%3Afeature-request+label%3A%22Machine+Learning%22+created%3A%22%3C2026-09-09%22,https://github.com/Azure/azure-sdk-for-python/issues?q=is%3Aopen+is%3Aissue+label%3Acustomer-reported+label%3AClient+-label%3Aissue-addressed+-label%3Aquestion+-label%3Aneeds-author-feedback+-label%3Afeature-request+label%3A%22Machine+Learning%22+created%3A%22%3C2026-07-11%22,https://github.com/Azure/azure-sdk-for-python/issues?q=is%3Aopen+is%3Aissue+label%3Acustomer-reported+label%3AClient+label%3A%22Machine+Learning%22,10-09-2026 04:11:47,False
azure-ai-projects,BLOCKED,WARNING,PASS,ENABLED,WARNING,PASS,FAIL,UNKNOWN,DISABLED,13,1,17,https://dev.azure.com/azure-sdk/590cfd2a-581c-4dcb-a12e-6568ce786175/_build/results?buildId=6616807,https://dev.azure.com/azure-sdk/590cfd2a-581c-4dcb-a12e-6568ce786175/_build/results?buildId=6934493,https://dev.azure.com/azure-sdk/590cfd2a-581c-4dcb-a12e-6568ce786175/_build/results?buildId=6616807,https://dev.azure.com/azure-sdk/590cfd2a-581c-4dcb-a12e-6568ce786175/_build/results?buildId=6934493,https://dev.azure.com/azure-sdk/590cfd2a-581c-4dcb-a12e-6568ce786175/_build/results?buildId=6934493,https://dev.azure.com/azure-sdk/590cfd2a-581c-4dcb-a12e-6568ce786175/_build/results?buildId=6906439,,https://github.com/Azure/azure-sdk-for-python/issues?q=is%3Aopen+is%3Aissue+label%3Acustomer-reported+label%3AClient+-label%3Aissue-addressed+-label%3Abug+-label%3Aneeds-author-feedback+-label%3Afeature-request+label%3A%22AI+Projects%22+created%3A%22%3C2026-09-09%22,https://github.com/Azure/azure-sdk-for-python/issues?q=is%3Aopen+is%3Aissue+label%3Acustomer-reported+label%3AClient+-label%3Aissue-addressed+-label%3Aquestion+-label%3Aneeds-author-feedback+-label%3Afeature-request+label%3A%22AI+Projects%22+created%3A%22%3C2026-07-11%22,https://github.com/Azure/azure-sdk-for-python/issues?q=is%3Aopen+is%3Aissue+label%3Acustomer-reported+label%3AClient+label%3A%22AI+Projects%22,10-09-2026 04:11:47,False
azure-ai-textanalytics,NEEDS_ACTION,UNKNOWN,DISABLED,ENABLED,UNKNOWN,UNKNOWN,UNKNOWN,UNKNOWN,UNKNOWN,2,0,2,https://dev.azure.com/azure-sdk/590cfd2a-581c-4dcb-a12e-6568ce786175/_build/results?buildId=6934959,,https://dev.azure.com/azure-sdk/590cfd2a-581c-4dcb-a12e-6568ce786175/_build/results?buildId=6934959,https://dev.azure.com/azure-sdk/590cfd2a-581c-4dcb-a12e-6568ce786175/_build/results?buildId=6934959,https://dev.azure.com/azure-sdk/590cfd2a-581c-4dcb-a12e-6568ce786175/_build/results?buildId=6934959,https://dev.azure.com/azure-sdk/590cfd2a-581c-4dcb-a12e-6568ce786175/_build/results?buildId=6935218,https://dev.azure.com/azure-sdk/590cfd2a-581c-4dcb-a12e-6568ce786175/_build/results?buildId=6935218,https://github.com/Azure/azure-sdk-for-python/issues?q=is%3Aopen+is%3Aissue+label%3Acustomer-reported+label%3AClient+-label%3Aissue-addressed+-label%3Abug+-label%3Aneeds-author-feedback+-label%3Afeature-request+label%3A%22Cognitive+-+Text+Analytics%22+created%3A%22%3C2026-09-09%22,,https://github.com/Azure/azure-sdk-for-python/issues?q=is%3Aopen+is%3Aissue+label%3Acustomer-reported+label%3AClient+label%3A%22Cognitive+-+Text+Analytics%22,10-09-2026 04:11:47,False
azure-ai-textanalytics,NEEDS_ACTION,WARNING,PASS,ENABLED,WARNING,PASS,PASS,FAIL,UNKNOWN,0,0,0,https://dev.azure.com/azure-sdk/590cfd2a-581c-4dcb-a12e-6568ce786175/_build/results?buildId=6617575,https://dev.azure.com/azure-sdk/590cfd2a-581c-4dcb-a12e-6568ce786175/_build/results?buildId=6933468,https://dev.azure.com/azure-sdk/590cfd2a-581c-4dcb-a12e-6568ce786175/_build/results?buildId=6617575,https://dev.azure.com/azure-sdk/590cfd2a-581c-4dcb-a12e-6568ce786175/_build/results?buildId=6933468,https://dev.azure.com/azure-sdk/590cfd2a-581c-4dcb-a12e-6568ce786175/_build/results?buildId=6933468,https://dev.azure.com/azure-sdk/590cfd2a-581c-4dcb-a12e-6568ce786175/_build/results?buildId=6932768,https://dev.azure.com/azure-sdk/590cfd2a-581c-4dcb-a12e-6568ce786175/_build/results?buildId=6932768,,,,10-09-2026 04:11:47,False
azure-ai-textanalytics-authoring,NEEDS_ACTION,WARNING,PASS,ENABLED,WARNING,PASS,PASS,FAIL,UNKNOWN,0,0,0,https://dev.azure.com/azure-sdk/590cfd2a-581c-4dcb-a12e-6568ce786175/_build/results?buildId=6617575,https://dev.azure.com/azure-sdk/590cfd2a-581c-4dcb-a12e-6568ce786175/_build/results?buildId=6933468,https://dev.azure.com/azure-sdk/590cfd2a-581c-4dcb-a12e-6568ce786175/_build/results?buildId=6617575,https://dev.azure.com/azure-sdk/590cfd2a-581c-4dcb-a12e-6568ce786175/_build/results?buildId=6933468,https://dev.azure.com/azure-sdk/590cfd2a-581c-4dcb-a12e-6568ce786175/_build/results?buildId=6933468,https://dev.azure.com/azure-sdk/590cfd2a-581c-4dcb-a12e-6568ce786175/_build/results?buildId=6932768,https://dev.azure.com/azure-sdk/590cfd2a-581c-4dcb-a12e-6568ce786175/_build/results?buildId=6932768,,,,10-09-2026 04:11:47,False
azure-ai-transcription,NEEDS_ACTION,WARNING,WARNING,ENABLED,WARNING,PASS,PASS,UNKNOWN,DISABLED,1,0,1,,,,https://dev.azure.com/azure-sdk/590cfd2a-581c-4dcb-a12e-6568ce786175/_build/results?buildId=6936197,https://dev.azure.com/azure-sdk/590cfd2a-581c-4dcb-a12e-6568ce786175/_build/results?buildId=6936197,,,https://github.com/Azure/azure-sdk-for-python/issues?q=is%3Aopen+is%3Aissue+label%3Acustomer-reported+label%3AClient+-label%3Aissue-addressed+-label%3Abug+-label%3Aneeds-author-feedback+-label%3Afeature-request+label%3A%22Speech+Transcription%22+created%3A%22%3C2026-09-09%22,,https://github.com/Azure/azure-sdk-for-python/issues?q=is%3Aopen+is%3Aissue+label%3Acustomer-reported+label%3AClient+label%3A%22Speech+Transcription%22,10-09-2026 04:11:47,False
azure-ai-translation-document,NEEDS_ACTION,PASS,DISABLED,ENABLED,WARNING,PASS,PASS,UNKNOWN,DISABLED,1,0,2,https://dev.azure.com/azure-sdk/590cfd2a-581c-4dcb-a12e-6568ce786175/_build/results?buildId=6933201,,https://dev.azure.com/azure-sdk/590cfd2a-581c-4dcb-a12e-6568ce786175/_build/results?buildId=6617184,https://dev.azure.com/azure-sdk/590cfd2a-581c-4dcb-a12e-6568ce786175/_build/results?buildId=6933201,https://dev.azure.com/azure-sdk/590cfd2a-581c-4dcb-a12e-6568ce786175/_build/results?buildId=6933201,https://dev.azure.com/azure-sdk/590cfd2a-581c-4dcb-a12e-6568ce786175/_build/results?buildId=6933039,,https://github.com/Azure/azure-sdk-for-python/issues?q=is%3Aopen+is%3Aissue+label%3Acustomer-reported+label%3AClient+-label%3Aissue-addressed+-label%3Abug+-label%3Aneeds-author-feedback+-label%3Afeature-request+label%3A%22Cognitive+-+Translator%22+created%3A%22%3C2026-09-09%22,,https://github.com/Azure/azure-sdk-for-python/issues?q=is%3Aopen+is%3Aissue+label%3Acustomer-reported+label%3AClient+label%3A%22Cognitive+-+Translator%22,10-09-2026 04:11:47,False
azure-ai-translation-text,NEEDS_ACTION,PASS,WARNING,ENABLED,WARNING,PASS,PASS,UNKNOWN,DISABLED,1,0,2,https://dev.azure.com/azure-sdk/590cfd2a-581c-4dcb-a12e-6568ce786175/_build/results?buildId=6933201,https://dev.azure.com/azure-sdk/590cfd2a-581c-4dcb-a12e-6568ce786175/_build/results?buildId=6617184,https://dev.azure.com/azure-sdk/590cfd2a-581c-4dcb-a12e-6568ce786175/_build/results?buildId=6617184,https://dev.azure.com/azure-sdk/590cfd2a-581c-4dcb-a12e-6568ce786175/_build/results?buildId=6933201,https://dev.azure.com/azure-sdk/590cfd2a-581c-4dcb-a12e-6568ce786175/_build/results?buildId=6933201,https://dev.azure.com/azure-sdk/590cfd2a-581c-4dcb-a12e-6568ce786175/_build/results?buildId=6933039,,https://github.com/Azure/azure-sdk-for-python/issues?q=is%3Aopen+is%3Aissue+label%3Acustomer-reported+label%3AClient+-label%3Aissue-addressed+-label%3Abug+-label%3Aneeds-author-feedback+-label%3Afeature-request+label%3A%22Cognitive+-+Translator%22+created%3A%22%3C2026-09-09%22,,https://github.com/Azure/azure-sdk-for-python/issues?q=is%3Aopen+is%3Aissue+label%3Acustomer-reported+label%3AClient+label%3A%22Cognitive+-+Translator%22,10-09-2026 04:11:47,False
azure-ai-vision-face,BLOCKED,PASS,FAIL,ENABLED,FAIL,PASS,PASS,UNKNOWN,DISABLED,4,0,4,https://dev.azure.com/azure-sdk/590cfd2a-581c-4dcb-a12e-6568ce786175/_build/results?buildId=6933745,https://dev.azure.com/azure-sdk/590cfd2a-581c-4dcb-a12e-6568ce786175/_build/results?buildId=6933745,https://dev.azure.com/azure-sdk/590cfd2a-581c-4dcb-a12e-6568ce786175/_build/results?buildId=6933745,https://dev.azure.com/azure-sdk/590cfd2a-581c-4dcb-a12e-6568ce786175/_build/results?buildId=6933745,https://dev.azure.com/azure-sdk/590cfd2a-581c-4dcb-a12e-6568ce786175/_build/results?buildId=6933745,https://dev.azure.com/azure-sdk/590cfd2a-581c-4dcb-a12e-6568ce786175/_build/results?buildId=6907673,,https://github.com/Azure/azure-sdk-for-python/issues?q=is%3Aopen+is%3Aissue+label%3Acustomer-reported+label%3AClient+-label%3Aissue-addressed+-label%3Abug+-label%3Aneeds-author-feedback+-label%3Afeature-request+label%3A%22Cognitive+-+Face%22+created%3A%22%3C2026-09-09%22,,https://github.com/Azure/azure-sdk-for-python/issues?q=is%3Aopen+is%3Aissue+label%3Acustomer-reported+label%3AClient+label%3A%22Cognitive+-+Face%22,10-09-2026 04:11:47,False
azure-ai-vision-imageanalysis,BLOCKED,PASS,FAIL,ENABLED,FAIL,PASS,PASS,PASS,DISABLED,0,0,0,https://dev.azure.com/azure-sdk/590cfd2a-581c-4dcb-a12e-6568ce786175/_build/results?buildId=6932838,https://dev.azure.com/azure-sdk/590cfd2a-581c-4dcb-a12e-6568ce786175/_build/results?buildId=6932838,https://dev.azure.com/azure-sdk/590cfd2a-581c-4dcb-a12e-6568ce786175/_build/results?buildId=6932838,https://dev.azure.com/azure-sdk/590cfd2a-581c-4dcb-a12e-6568ce786175/_build/results?buildId=6932838,https://dev.azure.com/azure-sdk/590cfd2a-581c-4dcb-a12e-6568ce786175/_build/results?buildId=6932838,https://dev.azure.com/azure-sdk/590cfd2a-581c-4dcb-a12e-6568ce786175/_build/results?buildId=4050779,,,,,10-09-2026 04:11:47,False
azure-ai-voicelive,NEEDS_ACTION,WARNING,WARNING,ENABLED,WARNING,PASS,PASS,UNKNOWN,DISABLED,0,0,0,https://dev.azure.com/azure-sdk/590cfd2a-581c-4dcb-a12e-6568ce786175/_build/results?buildId=6616892,https://dev.azure.com/azure-sdk/590cfd2a-581c-4dcb-a12e-6568ce786175/_build/results?buildId=6616892,https://dev.azure.com/azure-sdk/590cfd2a-581c-4dcb-a12e-6568ce786175/_build/results?buildId=6616892,https://dev.azure.com/azure-sdk/590cfd2a-581c-4dcb-a12e-6568ce786175/_build/results?buildId=6932875,https://dev.azure.com/azure-sdk/590cfd2a-581c-4dcb-a12e-6568ce786175/_build/results?buildId=6932875,https://dev.azure.com/azure-sdk/590cfd2a-581c-4dcb-a12e-6568ce786175/_build/results?buildId=6932920,,,,,10-09-2026 04:11:47,False
azure-appconfiguration,NEEDS_ACTION,PASS,DISABLED,ENABLED,WARNING,PASS,PASS,PASS,PASS,0,0,0,https://dev.azure.com/azure-sdk/590cfd2a-581c-4dcb-a12e-6568ce786175/_build/results?buildId=6931000,,https://dev.azure.com/azure-sdk/590cfd2a-581c-4dcb-a12e-6568ce786175/_build/results?buildId=6617743,https://dev.azure.com/azure-sdk/590cfd2a-581c-4dcb-a12e-6568ce786175/_build/results?buildId=6931000,https://dev.azure.com/azure-sdk/590cfd2a-581c-4dcb-a12e-6568ce786175/_build/results?buildId=6931000,https://dev.azure.com/azure-sdk/590cfd2a-581c-4dcb-a12e-6568ce786175/_build/results?buildId=6934714,https://dev.azure.com/azure-sdk/590cfd2a-581c-4dcb-a12e-6568ce786175/_build/results?buildId=6934714,,,,10-09-2026 04:11:47,True
azure-appconfiguration-provider,NEEDS_ACTION,PASS,DISABLED,ENABLED,WARNING,PASS,PASS,PASS,PASS,0,0,0,https://dev.azure.com/azure-sdk/590cfd2a-581c-4dcb-a12e-6568ce786175/_build/results?buildId=6931000,,https://dev.azure.com/azure-sdk/590cfd2a-581c-4dcb-a12e-6568ce786175/_build/results?buildId=6617743,https://dev.azure.com/azure-sdk/590cfd2a-581c-4dcb-a12e-6568ce786175/_build/results?buildId=6931000,https://dev.azure.com/azure-sdk/590cfd2a-581c-4dcb-a12e-6568ce786175/_build/results?buildId=6931000,https://dev.azure.com/azure-sdk/590cfd2a-581c-4dcb-a12e-6568ce786175/_build/results?buildId=6934714,https://dev.azure.com/azure-sdk/590cfd2a-581c-4dcb-a12e-6568ce786175/_build/results?buildId=6934714,,,,10-09-2026 04:11:47,False
azure-batch,NEEDS_ACTION,PASS,PASS,ENABLED,WARNING,PASS,PASS,UNKNOWN,DISABLED,0,1,1,https://dev.azure.com/azure-sdk/590cfd2a-581c-4dcb-a12e-6568ce786175/_build/results?buildId=6931179,https://dev.azure.com/azure-sdk/590cfd2a-581c-4dcb-a12e-6568ce786175/_build/results?buildId=6931179,https://dev.azure.com/azure-sdk/590cfd2a-581c-4dcb-a12e-6568ce786175/_build/results?buildId=6617627,https://dev.azure.com/azure-sdk/590cfd2a-581c-4dcb-a12e-6568ce786175/_build/results?buildId=6931179,https://dev.azure.com/azure-sdk/590cfd2a-581c-4dcb-a12e-6568ce786175/_build/results?buildId=6931179,https://dev.azure.com/azure-sdk/590cfd2a-581c-4dcb-a12e-6568ce786175/_build/results?buildId=6906691,,,https://github.com/Azure/azure-sdk-for-python/issues?q=is%3Aopen+is%3Aissue+label%3Acustomer-reported+label%3AClient+-label%3Aissue-addressed+-label%3Aquestion+-label%3Aneeds-author-feedback+-label%3Afeature-request+label%3A%22Batch%22+created%3A%22%3C2026-07-11%22,https://github.com/Azure/azure-sdk-for-python/issues?q=is%3Aopen+is%3Aissue+label%3Acustomer-reported+label%3AClient+label%3A%22Batch%22,10-09-2026 04:11:47,False
azure-communication-callautomation,BLOCKED,FAIL,DISABLED,ENABLED,FAIL,PASS,FAIL,UNKNOWN,DISABLED,2,1,4,https://dev.azure.com/azure-sdk/590cfd2a-581c-4dcb-a12e-6568ce786175/_build/results?buildId=6933494,,https://dev.azure.com/azure-sdk/590cfd2a-581c-4dcb-a12e-6568ce786175/_build/results?buildId=6933494,https://dev.azure.com/azure-sdk/590cfd2a-581c-4dcb-a12e-6568ce786175/_build/results?buildId=6933494,https://dev.azure.com/azure-sdk/590cfd2a-581c-4dcb-a12e-6568ce786175/_build/results?buildId=6933494,,,https://github.com/Azure/azure-sdk-for-python/issues?q=is%3Aopen+is%3Aissue+label%3Acustomer-reported+label%3AClient+-label%3Aissue-addressed+-label%3Abug+-label%3Aneeds-author-feedback+-label%3Afeature-request+label%3A%22Communication+-+Call+Automation%22+created%3A%22%3C2026-09-09%22,https://github.com/Azure/azure-sdk-for-python/issues?q=is%3Aopen+is%3Aissue+label%3Acustomer-reported+label%3AClient+-label%3Aissue-addressed+-label%3Aquestion+-label%3Aneeds-author-feedback+-label%3Afeature-request+label%3A%22Communication+-+Call+Automation%22+created%3A%22%3C2026-07-11%22,https://github.com/Azure/azure-sdk-for-python/issues?q=is%3Aopen+is%3Aissue+label%3Acustomer-reported+label%3AClient+label%3A%22Communication+-+Call+Automation%22,10-09-2026 04:11:47,False
azure-communication-chat,BLOCKED,FAIL,DISABLED,ENABLED,FAIL,PASS,FAIL,FAIL,DISABLED,0,0,0,https://dev.azure.com/azure-sdk/590cfd2a-581c-4dcb-a12e-6568ce786175/_build/results?buildId=6933494,,https://dev.azure.com/azure-sdk/590cfd2a-581c-4dcb-a12e-6568ce786175/_build/results?buildId=6933494,https://dev.azure.com/azure-sdk/590cfd2a-581c-4dcb-a12e-6568ce786175/_build/results?buildId=6933494,https://dev.azure.com/azure-sdk/590cfd2a-581c-4dcb-a12e-6568ce786175/_build/results?buildId=6933494,https://dev.azure.com/azure-sdk/590cfd2a-581c-4dcb-a12e-6568ce786175/_build/results?buildId=6934440,,,,,10-09-2026 04:11:47,False
azure-communication-email,BLOCKED,FAIL,DISABLED,ENABLED,FAIL,PASS,FAIL,UNKNOWN,DISABLED,1,0,1,https://dev.azure.com/azure-sdk/590cfd2a-581c-4dcb-a12e-6568ce786175/_build/results?buildId=6933494,,https://dev.azure.com/azure-sdk/590cfd2a-581c-4dcb-a12e-6568ce786175/_build/results?buildId=6933494,https://dev.azure.com/azure-sdk/590cfd2a-581c-4dcb-a12e-6568ce786175/_build/results?buildId=6933494,https://dev.azure.com/azure-sdk/590cfd2a-581c-4dcb-a12e-6568ce786175/_build/results?buildId=6933494,https://dev.azure.com/azure-sdk/590cfd2a-581c-4dcb-a12e-6568ce786175/_build/results?buildId=6936073,,https://github.com/Azure/azure-sdk-for-python/issues?q=is%3Aopen+is%3Aissue+label%3Acustomer-reported+label%3AClient+-label%3Aissue-addressed+-label%3Abug+-label%3Aneeds-author-feedback+-label%3Afeature-request+label%3A%22Communication+-+Email%22+created%3A%22%3C2026-09-09%22,,https://github.com/Azure/azure-sdk-for-python/issues?q=is%3Aopen+is%3Aissue+label%3Acustomer-reported+label%3AClient+label%3A%22Communication+-+Email%22,10-09-2026 04:11:47,False
azure-communication-identity,BLOCKED,FAIL,DISABLED,ENABLED,FAIL,PASS,FAIL,FAIL,DISABLED,0,0,0,https://dev.azure.com/azure-sdk/590cfd2a-581c-4dcb-a12e-6568ce786175/_build/results?buildId=6933494,,https://dev.azure.com/azure-sdk/590cfd2a-581c-4dcb-a12e-6568ce786175/_build/results?buildId=6933494,https://dev.azure.com/azure-sdk/590cfd2a-581c-4dcb-a12e-6568ce786175/_build/results?buildId=6933494,https://dev.azure.com/azure-sdk/590cfd2a-581c-4dcb-a12e-6568ce786175/_build/results?buildId=6933494,https://dev.azure.com/azure-sdk/590cfd2a-581c-4dcb-a12e-6568ce786175/_build/results?buildId=6932143,,,,,10-09-2026 04:11:47,False
azure-communication-jobrouter,BLOCKED,FAIL,DISABLED,ENABLED,FAIL,DISABLED,FAIL,UNKNOWN,DISABLED,0,0,0,https://dev.azure.com/azure-sdk/590cfd2a-581c-4dcb-a12e-6568ce786175/_build/results?buildId=6933494,,https://dev.azure.com/azure-sdk/590cfd2a-581c-4dcb-a12e-6568ce786175/_build/results?buildId=6933494,,https://dev.azure.com/azure-sdk/590cfd2a-581c-4dcb-a12e-6568ce786175/_build/results?buildId=6933494,,,,,,10-09-2026 04:11:47,False
azure-communication-messages,BLOCKED,FAIL,DISABLED,ENABLED,FAIL,PASS,FAIL,UNKNOWN,DISABLED,0,0,0,https://dev.azure.com/azure-sdk/590cfd2a-581c-4dcb-a12e-6568ce786175/_build/results?buildId=6933494,,https://dev.azure.com/azure-sdk/590cfd2a-581c-4dcb-a12e-6568ce786175/_build/results?buildId=6933494,https://dev.azure.com/azure-sdk/590cfd2a-581c-4dcb-a12e-6568ce786175/_build/results?buildId=6933494,https://dev.azure.com/azure-sdk/590cfd2a-581c-4dcb-a12e-6568ce786175/_build/results?buildId=6933494,,,,,,10-09-2026 04:11:47,False
azure-communication-phonenumbers,BLOCKED,FAIL,DISABLED,ENABLED,FAIL,PASS,FAIL,FAIL,DISABLED,0,0,0,https://dev.azure.com/azure-sdk/590cfd2a-581c-4dcb-a12e-6568ce786175/_build/results?buildId=6933494,,https://dev.azure.com/azure-sdk/590cfd2a-581c-4dcb-a12e-6568ce786175/_build/results?buildId=6933494,https://dev.azure.com/azure-sdk/590cfd2a-581c-4dcb-a12e-6568ce786175/_build/results?buildId=6933494,https://dev.azure.com/azure-sdk/590cfd2a-581c-4dcb-a12e-6568ce786175/_build/results?buildId=6933494,https://dev.azure.com/azure-sdk/590cfd2a-581c-4dcb-a12e-6568ce786175/_build/results?buildId=6933664,,,,,10-09-2026 04:11:47,False
azure-communication-rooms,BLOCKED,FAIL,DISABLED,ENABLED,FAIL,PASS,FAIL,FAIL,DISABLED,0,0,0,https://dev.azure.com/azure-sdk/590cfd2a-581c-4dcb-a12e-6568ce786175/_build/results?buildId=6933494,,https://dev.azure.com/azure-sdk/590cfd2a-581c-4dcb-a12e-6568ce786175/_build/results?buildId=6933494,https://dev.azure.com/azure-sdk/590cfd2a-581c-4dcb-a12e-6568ce786175/_build/results?buildId=6933494,https://dev.azure.com/azure-sdk/590cfd2a-581c-4dcb-a12e-6568ce786175/_build/results?buildId=6933494,https://dev.azure.com/azure-sdk/590cfd2a-581c-4dcb-a12e-6568ce786175/_build/results?buildId=6932593,,,,,10-09-2026 04:11:47,False
azure-communication-sms,BLOCKED,FAIL,DISABLED,ENABLED,FAIL,PASS,FAIL,PASS,DISABLED,1,0,1,https://dev.azure.com/azure-sdk/590cfd2a-581c-4dcb-a12e-6568ce786175/_build/results?buildId=6933494,,https://dev.azure.com/azure-sdk/590cfd2a-581c-4dcb-a12e-6568ce786175/_build/results?buildId=6933494,https://dev.azure.com/azure-sdk/590cfd2a-581c-4dcb-a12e-6568ce786175/_build/results?buildId=6933494,https://dev.azure.com/azure-sdk/590cfd2a-581c-4dcb-a12e-6568ce786175/_build/results?buildId=6933494,https://dev.azure.com/azure-sdk/590cfd2a-581c-4dcb-a12e-6568ce786175/_build/results?buildId=6934129,,https://github.com/Azure/azure-sdk-for-python/issues?q=is%3Aopen+is%3Aissue+label%3Acustomer-reported+label%3AClient+-label%3Aissue-addressed+-label%3Abug+-label%3Aneeds-author-feedback+-label%3Afeature-request+label%3A%22Communication+-+SMS%22+created%3A%22%3C2026-09-09%22,,https://github.com/Azure/azure-sdk-for-python/issues?q=is%3Aopen+is%3Aissue+label%3Acustomer-reported+label%3AClient+label%3A%22Communication+-+SMS%22,10-09-2026 04:11:47,False
azure-confidentialledger,NEEDS_ACTION,WARNING,DISABLED,ENABLED,WARNING,PASS,PASS,PASS,FAIL,0,0,0,https://dev.azure.com/azure-sdk/590cfd2a-581c-4dcb-a12e-6568ce786175/_build/results?buildId=6617294,,https://dev.azure.com/azure-sdk/590cfd2a-581c-4dcb-a12e-6568ce786175/_build/results?buildId=6617294,https://dev.azure.com/azure-sdk/590cfd2a-581c-4dcb-a12e-6568ce786175/_build/results?buildId=6930955,https://dev.azure.com/azure-sdk/590cfd2a-581c-4dcb-a12e-6568ce786175/_build/results?buildId=6930955,https://dev.azure.com/azure-sdk/590cfd2a-581c-4dcb-a12e-6568ce786175/_build/results?buildId=6934432,https://dev.azure.com/azure-sdk/590cfd2a-581c-4dcb-a12e-6568ce786175/_build/results?buildId=6934432,,,,10-09-2026 04:11:47,False
azure-confidentialledger-certificate,NEEDS_ACTION,WARNING,WARNING,ENABLED,WARNING,PASS,PASS,PASS,FAIL,0,0,0,https://dev.azure.com/azure-sdk/590cfd2a-581c-4dcb-a12e-6568ce786175/_build/results?buildId=6617294,https://dev.azure.com/azure-sdk/590cfd2a-581c-4dcb-a12e-6568ce786175/_build/results?buildId=6617294,https://dev.azure.com/azure-sdk/590cfd2a-581c-4dcb-a12e-6568ce786175/_build/results?buildId=6617294,https://dev.azure.com/azure-sdk/590cfd2a-581c-4dcb-a12e-6568ce786175/_build/results?buildId=6930955,https://dev.azure.com/azure-sdk/590cfd2a-581c-4dcb-a12e-6568ce786175/_build/results?buildId=6930955,https://dev.azure.com/azure-sdk/590cfd2a-581c-4dcb-a12e-6568ce786175/_build/results?buildId=6934432,https://dev.azure.com/azure-sdk/590cfd2a-581c-4dcb-a12e-6568ce786175/_build/results?buildId=6934432,,,,10-09-2026 04:11:47,False
azure-containerregistry,BLOCKED,UNKNOWN,DISABLED,ENABLED,UNKNOWN,FAIL,FAIL,FAIL,FAIL,0,0,0,https://dev.azure.com/azure-sdk/590cfd2a-581c-4dcb-a12e-6568ce786175/_build/results?buildId=6931414,,https://dev.azure.com/azure-sdk/590cfd2a-581c-4dcb-a12e-6568ce786175/_build/results?buildId=6931414,https://dev.azure.com/azure-sdk/590cfd2a-581c-4dcb-a12e-6568ce786175/_build/results?buildId=6931414,https://dev.azure.com/azure-sdk/590cfd2a-581c-4dcb-a12e-6568ce786175/_build/results?buildId=6931414,https://dev.azure.com/azure-sdk/590cfd2a-581c-4dcb-a12e-6568ce786175/_build/results?buildId=6936415,https://dev.azure.com/azure-sdk/590cfd2a-581c-4dcb-a12e-6568ce786175/_build/results?buildId=6936415,,,,10-09-2026 04:11:47,True
azure-core,NEEDS_ACTION,WARNING,DISABLED,ENABLED,WARNING,PASS,PASS,PASS,DISABLED,1,0,2,https://dev.azure.com/azure-sdk/590cfd2a-581c-4dcb-a12e-6568ce786175/_build/results?buildId=6915922,,https://dev.azure.com/azure-sdk/590cfd2a-581c-4dcb-a12e-6568ce786175/_build/results?buildId=6915922,https://dev.azure.com/azure-sdk/590cfd2a-581c-4dcb-a12e-6568ce786175/_build/results?buildId=6931552,https://dev.azure.com/azure-sdk/590cfd2a-581c-4dcb-a12e-6568ce786175/_build/results?buildId=6931552,https://dev.azure.com/azure-sdk/590cfd2a-581c-4dcb-a12e-6568ce786175/_build/results?buildId=6932757,,https://github.com/Azure/azure-sdk-for-python/issues?q=is%3Aopen+is%3Aissue+label%3Acustomer-reported+label%3AClient+-label%3Aissue-addressed+-label%3Abug+-label%3Aneeds-author-feedback+-label%3Afeature-request+label%3A%22Azure.Core%22+created%3A%22%3C2026-09-09%22,,https://github.com/Azure/azure-sdk-for-python/issues?q=is%3Aopen+is%3Aissue+label%3Acustomer-reported+label%3AClient+label%3A%22Azure.Core%22,10-09-2026 04:11:47,True
azure-core-experimental,NEEDS_ACTION,WARNING,DISABLED,ENABLED,WARNING,PASS,PASS,PASS,DISABLED,1,0,2,https://dev.azure.com/azure-sdk/590cfd2a-581c-4dcb-a12e-6568ce786175/_build/results?buildId=6915922,,https://dev.azure.com/azure-sdk/590cfd2a-581c-4dcb-a12e-6568ce786175/_build/results?buildId=6915922,https://dev.azure.com/azure-sdk/590cfd2a-581c-4dcb-a12e-6568ce786175/_build/results?buildId=6931552,https://dev.azure.com/azure-sdk/590cfd2a-581c-4dcb-a12e-6568ce786175/_build/results?buildId=6931552,https://dev.azure.com/azure-sdk/590cfd2a-581c-4dcb-a12e-6568ce786175/_build/results?buildId=6932757,,https://github.com/Azure/azure-sdk-for-python/issues?q=is%3Aopen+is%3Aissue+label%3Acustomer-reported+label%3AClient+-label%3Aissue-addressed+-label%3Abug+-label%3Aneeds-author-feedback+-label%3Afeature-request+label%3A%22Azure.Core%22+created%3A%22%3C2026-09-09%22,,https://github.com/Azure/azure-sdk-for-python/issues?q=is%3Aopen+is%3Aissue+label%3Acustomer-reported+label%3AClient+label%3A%22Azure.Core%22,10-09-2026 04:11:47,True
azure-core-tracing-opentelemetry,NEEDS_ACTION,WARNING,DISABLED,ENABLED,WARNING,PASS,PASS,PASS,DISABLED,1,0,2,https://dev.azure.com/azure-sdk/590cfd2a-581c-4dcb-a12e-6568ce786175/_build/results?buildId=6915922,,https://dev.azure.com/azure-sdk/590cfd2a-581c-4dcb-a12e-6568ce786175/_build/results?buildId=6915922,https://dev.azure.com/azure-sdk/590cfd2a-581c-4dcb-a12e-6568ce786175/_build/results?buildId=6931552,https://dev.azure.com/azure-sdk/590cfd2a-581c-4dcb-a12e-6568ce786175/_build/results?buildId=6931552,https://dev.azure.com/azure-sdk/590cfd2a-581c-4dcb-a12e-6568ce786175/_build/results?buildId=6932757,,https://github.com/Azure/azure-sdk-for-python/issues?q=is%3Aopen+is%3Aissue+label%3Acustomer-reported+label%3AClient+-label%3Aissue-addressed+-label%3Abug+-label%3Aneeds-author-feedback+-label%3Afeature-request+label%3A%22Azure.Core%22+created%3A%22%3C2026-09-09%22,,https://github.com/Azure/azure-sdk-for-python/issues?q=is%3Aopen+is%3Aissue+label%3Acustomer-reported+label%3AClient+label%3A%22Azure.Core%22,10-09-2026 04:11:47,True
azure-cosmos,BLOCKED,WARNING,DISABLED,ENABLED,WARNING,PASS,FAIL,FAIL,DISABLED,3,1,5,https://dev.azure.com/azure-sdk/590cfd2a-581c-4dcb-a12e-6568ce786175/_build/results?buildId=6617598,,https://dev.azure.com/azure-sdk/590cfd2a-581c-4dcb-a12e-6568ce786175/_build/results?buildId=6617598,https://dev.azure.com/azure-sdk/590cfd2a-581c-4dcb-a12e-6568ce786175/_build/results?buildId=6931650,https://dev.azure.com/azure-sdk/590cfd2a-581c-4dcb-a12e-6568ce786175/_build/results?buildId=6931650,https://dev.azure.com/azure-sdk/590cfd2a-581c-4dcb-a12e-6568ce786175/_build/results?buildId=6932844,,https://github.com/Azure/azure-sdk-for-python/issues?q=is%3Aopen+is%3Aissue+label%3Acustomer-reported+label%3AClient+-label%3Aissue-addressed+-label%3Abug+-label%3Aneeds-author-feedback+-label%3Afeature-request+label%3A%22Cosmos%22+created%3A%22%3C2026-09-09%22,https://github.com/Azure/azure-sdk-for-python/issues?q=is%3Aopen+is%3Aissue+label%3Acustomer-reported+label%3AClient+-label%3Aissue-addressed+-label%3Aquestion+-label%3Aneeds-author-feedback+-label%3Afeature-request+label%3A%22Cosmos%22+created%3A%22%3C2026-07-11%22,https://github.com/Azure/azure-sdk-for-python/issues?q=is%3Aopen+is%3Aissue+label%3Acustomer-reported+label%3AClient+label%3A%22Cosmos%22,10-09-2026 04:11:47,False
azure-data-ai,BLOCKED,WARNING,WARNING,ENABLED,WARNING,PASS,FAIL,UNKNOWN,DISABLED,0,0,0,,,,https://dev.azure.com/azure-sdk/590cfd2a-581c-4dcb-a12e-6568ce786175/_build/results?buildId=6935226,https://dev.azure.com/azure-sdk/590cfd2a-581c-4dcb-a12e-6568ce786175/_build/results?buildId=6935226,,,,,,10-09-2026 04:11:47,False
azure-data-tables,NEEDS_ACTION,PASS,DISABLED,ENABLED,WARNING,PASS,PASS,FAIL,UNKNOWN,0,0,3,https://dev.azure.com/azure-sdk/590cfd2a-581c-4dcb-a12e-6568ce786175/_build/results?buildId=6934137,,https://dev.azure.com/azure-sdk/590cfd2a-581c-4dcb-a12e-6568ce786175/_build/results?buildId=6617895,https://dev.azure.com/azure-sdk/590cfd2a-581c-4dcb-a12e-6568ce786175/_build/results?buildId=6934137,https://dev.azure.com/azure-sdk/590cfd2a-581c-4dcb-a12e-6568ce786175/_build/results?buildId=6934137,https://dev.azure.com/azure-sdk/590cfd2a-581c-4dcb-a12e-6568ce786175/_build/results?buildId=6934162,https://dev.azure.com/azure-sdk/590cfd2a-581c-4dcb-a12e-6568ce786175/_build/results?buildId=6934162,,,https://github.com/Azure/azure-sdk-for-python/issues?q=is%3Aopen+is%3Aissue+label%3Acustomer-reported+label%3AClient+label%3A%22Tables%22,10-09-2026 04:11:47,True
azure-defender-easm,BLOCKED,PASS,FAIL,ENABLED,FAIL,PASS,PASS,UNKNOWN,DISABLED,0,0,0,https://dev.azure.com/azure-sdk/590cfd2a-581c-4dcb-a12e-6568ce786175/_build/results?buildId=6931571,https://dev.azure.com/azure-sdk/590cfd2a-581c-4dcb-a12e-6568ce786175/_build/results?buildId=6931571,https://dev.azure.com/azure-sdk/590cfd2a-581c-4dcb-a12e-6568ce786175/_build/results?buildId=6931571,https://dev.azure.com/azure-sdk/590cfd2a-581c-4dcb-a12e-6568ce786175/_build/results?buildId=6931571,https://dev.azure.com/azure-sdk/590cfd2a-581c-4dcb-a12e-6568ce786175/_build/results?buildId=6931571,https://dev.azure.com/azure-sdk/590cfd2a-581c-4dcb-a12e-6568ce786175/_build/results?buildId=6906416,,,,,10-09-2026 04:11:47,False
azure-developer-devcenter,BLOCKED,FAIL,DISABLED,ENABLED,DISABLED,PASS,PASS,UNKNOWN,DISABLED,0,0,0,https://dev.azure.com/azure-sdk/590cfd2a-581c-4dcb-a12e-6568ce786175/_build/results?buildId=6931902,,,https://dev.azure.com/azure-sdk/590cfd2a-581c-4dcb-a12e-6568ce786175/_build/results?buildId=6931902,https://dev.azure.com/azure-sdk/590cfd2a-581c-4dcb-a12e-6568ce786175/_build/results?buildId=6931902,https://dev.azure.com/azure-sdk/590cfd2a-581c-4dcb-a12e-6568ce786175/_build/results?buildId=6906601,,,,,10-09-2026 04:11:47,False
azure-developer-loadtesting,NEEDS_ACTION,WARNING,DISABLED,ENABLED,DISABLED,PASS,PASS,UNKNOWN,DISABLED,0,0,0,https://dev.azure.com/azure-sdk/590cfd2a-581c-4dcb-a12e-6568ce786175/_build/results?buildId=6617597,,,https://dev.azure.com/azure-sdk/590cfd2a-581c-4dcb-a12e-6568ce786175/_build/results?buildId=6931412,https://dev.azure.com/azure-sdk/590cfd2a-581c-4dcb-a12e-6568ce786175/_build/results?buildId=6931412,https://dev.azure.com/azure-sdk/590cfd2a-581c-4dcb-a12e-6568ce786175/_build/results?buildId=6906630,,,,,10-09-2026 04:11:47,False
azure-digitaltwins-core,NEEDS_ACTION,PASS,DISABLED,ENABLED,WARNING,PASS,PASS,FAIL,DISABLED,0,0,0,https://dev.azure.com/azure-sdk/590cfd2a-581c-4dcb-a12e-6568ce786175/_build/results?buildId=6932748,,https://dev.azure.com/azure-sdk/590cfd2a-581c-4dcb-a12e-6568ce786175/_build/results?buildId=6617634,https://dev.azure.com/azure-sdk/590cfd2a-581c-4dcb-a12e-6568ce786175/_build/results?buildId=6932748,https://dev.azure.com/azure-sdk/590cfd2a-581c-4dcb-a12e-6568ce786175/_build/results?buildId=6932748,https://dev.azure.com/azure-sdk/590cfd2a-581c-4dcb-a12e-6568ce786175/_build/results?buildId=6932900,,,,,10-09-2026 04:11:47,False
azure-eventgrid,NEEDS_ACTION,PASS,DISABLED,ENABLED,WARNING,PASS,PASS,PASS,PASS,0,0,0,https://dev.azure.com/azure-sdk/590cfd2a-581c-4dcb-a12e-6568ce786175/_build/results?buildId=6931937,,https://dev.azure.com/azure-sdk/590cfd2a-581c-4dcb-a12e-6568ce786175/_build/results?buildId=6617644,https://dev.azure.com/azure-sdk/590cfd2a-581c-4dcb-a12e-6568ce786175/_build/results?buildId=6931937,https://dev.azure.com/azure-sdk/590cfd2a-581c-4dcb-a12e-6568ce786175/_build/results?buildId=6931937,https://dev.azure.com/azure-sdk/590cfd2a-581c-4dcb-a12e-6568ce786175/_build/results?buildId=6934494,https://dev.azure.com/azure-sdk/590cfd2a-581c-4dcb-a12e-6568ce786175/_build/results?buildId=6934494,,,,10-09-2026 04:11:47,True
azure-eventhub,BLOCKED,FAIL,DISABLED,ENABLED,FAIL,FAIL,FAIL,FAIL,UNKNOWN,0,0,0,https://dev.azure.com/azure-sdk/590cfd2a-581c-4dcb-a12e-6568ce786175/_build/results?buildId=6932009,,https://dev.azure.com/azure-sdk/590cfd2a-581c-4dcb-a12e-6568ce786175/_build/results?buildId=6932009,https://dev.azure.com/azure-sdk/590cfd2a-581c-4dcb-a12e-6568ce786175/_build/results?buildId=6932009,https://dev.azure.com/azure-sdk/590cfd2a-581c-4dcb-a12e-6568ce786175/_build/results?buildId=6932009,https://dev.azure.com/azure-sdk/590cfd2a-581c-4dcb-a12e-6568ce786175/_build/results?buildId=6932445,https://dev.azure.com/azure-sdk/590cfd2a-581c-4dcb-a12e-6568ce786175/_build/results?buildId=6932445,,,,10-09-2026 04:11:47,True
azure-eventhub-checkpointstoreblob,BLOCKED,FAIL,DISABLED,ENABLED,FAIL,FAIL,FAIL,FAIL,UNKNOWN,3,2,7,https://dev.azure.com/azure-sdk/590cfd2a-581c-4dcb-a12e-6568ce786175/_build/results?buildId=6932009,,https://dev.azure.com/azure-sdk/590cfd2a-581c-4dcb-a12e-6568ce786175/_build/results?buildId=6932009,https://dev.azure.com/azure-sdk/590cfd2a-581c-4dcb-a12e-6568ce786175/_build/results?buildId=6932009,https://dev.azure.com/azure-sdk/590cfd2a-581c-4dcb-a12e-6568ce786175/_build/results?buildId=6932009,https://dev.azure.com/azure-sdk/590cfd2a-581c-4dcb-a12e-6568ce786175/_build/results?buildId=6932445,https://dev.azure.com/azure-sdk/590cfd2a-581c-4dcb-a12e-6568ce786175/_build/results?buildId=6932445,https://github.com/Azure/azure-sdk-for-python/issues?q=is%3Aopen+is%3Aissue+label%3Acustomer-reported+label%3AClient+-label%3Aissue-addressed+-label%3Abug+-label%3Aneeds-author-feedback+-label%3Afeature-request+label%3A%22Event+Hubs%22+created%3A%22%3C2026-09-09%22,https://github.com/Azure/azure-sdk-for-python/issues?q=is%3Aopen+is%3Aissue+label%3Acustomer-reported+label%3AClient+-label%3Aissue-addressed+-label%3Aquestion+-label%3Aneeds-author-feedback+-label%3Afeature-request+label%3A%22Event+Hubs%22+created%3A%22%3C2026-07-11%22,https://github.com/Azure/azure-sdk-for-python/issues?q=is%3Aopen+is%3Aissue+label%3Acustomer-reported+label%3AClient+label%3A%22Event+Hubs%22,10-09-2026 04:11:47,True
azure-eventhub-checkpointstoreblob-aio,BLOCKED,FAIL,DISABLED,ENABLED,FAIL,FAIL,FAIL,FAIL,UNKNOWN,3,2,7,https://dev.azure.com/azure-sdk/590cfd2a-581c-4dcb-a12e-6568ce786175/_build/results?buildId=6932009,,https://dev.azure.com/azure-sdk/590cfd2a-581c-4dcb-a12e-6568ce786175/_build/results?buildId=6932009,https://dev.azure.com/azure-sdk/590cfd2a-581c-4dcb-a12e-6568ce786175/_build/results?buildId=6932009,https://dev.azure.com/azure-sdk/590cfd2a-581c-4dcb-a12e-6568ce786175/_build/results?buildId=6932009,https://dev.azure.com/azure-sdk/590cfd2a-581c-4dcb-a12e-6568ce786175/_build/results?buildId=6932445,https://dev.azure.com/azure-sdk/590cfd2a-581c-4dcb-a12e-6568ce786175/_build/results?buildId=6932445,https://github.com/Azure/azure-sdk-for-python/issues?q=is%3Aopen+is%3Aissue+label%3Acustomer-reported+label%3AClient+-label%3Aissue-addressed+-label%3Abug+-label%3Aneeds-author-feedback+-label%3Afeature-request+label%3A%22Event+Hubs%22+created%3A%22%3C2026-09-09%22,https://github.com/Azure/azure-sdk-for-python/issues?q=is%3Aopen+is%3Aissue+label%3Acustomer-reported+label%3AClient+-label%3Aissue-addressed+-label%3Aquestion+-label%3Aneeds-author-feedback+-label%3Afeature-request+label%3A%22Event+Hubs%22+created%3A%22%3C2026-07-11%22,https://github.com/Azure/azure-sdk-for-python/issues?q=is%3Aopen+is%3Aissue+label%3Acustomer-reported+label%3AClient+label%3A%22Event+Hubs%22,10-09-2026 04:11:47,True
azure-health-deidentification,BLOCKED,PASS,FAIL,ENABLED,FAIL,PASS,PASS,PASS,PASS,0,0,0,https://dev.azure.com/azure-sdk/590cfd2a-581c-4dcb-a12e-6568ce786175/_build/results?buildId=6931311,https://dev.azure.com/azure-sdk/590cfd2a-581c-4dcb-a12e-6568ce786175/_build/results?buildId=6931311,https://dev.azure.com/azure-sdk/590cfd2a-581c-4dcb-a12e-6568ce786175/_build/results?buildId=6931311,https://dev.azure.com/azure-sdk/590cfd2a-581c-4dcb-a12e-6568ce786175/_build/results?buildId=6931311,https://dev.azure.com/azure-sdk/590cfd2a-581c-4dcb-a12e-6568ce786175/_build/results?buildId=6931311,https://dev.azure.com/azure-sdk/590cfd2a-581c-4dcb-a12e-6568ce786175/_build/results?buildId=6931329,https://dev.azure.com/azure-sdk/590cfd2a-581c-4dcb-a12e-6568ce786175/_build/results?buildId=6931329,,,,10-09-2026 04:11:47,False
azure-healthinsights-cancerprofiling,NEEDS_ACTION,PASS,DISABLED,ENABLED,DISABLED,PASS,PASS,UNKNOWN,DISABLED,0,0,0,https://dev.azure.com/azure-sdk/590cfd2a-581c-4dcb-a12e-6568ce786175/_build/results?buildId=6935606,,,https://dev.azure.com/azure-sdk/590cfd2a-581c-4dcb-a12e-6568ce786175/_build/results?buildId=6935606,https://dev.azure.com/azure-sdk/590cfd2a-581c-4dcb-a12e-6568ce786175/_build/results?buildId=6935606,https://dev.azure.com/azure-sdk/590cfd2a-581c-4dcb-a12e-6568ce786175/_build/results?buildId=6935410,,,,,10-09-2026 04:11:47,False
azure-healthinsights-clinicalmatching,NEEDS_ACTION,PASS,DISABLED,ENABLED,DISABLED,DISABLED,PASS,UNKNOWN,DISABLED,0,0,0,https://dev.azure.com/azure-sdk/590cfd2a-581c-4dcb-a12e-6568ce786175/_build/results?buildId=6935606,,,,https://dev.azure.com/azure-sdk/590cfd2a-581c-4dcb-a12e-6568ce786175/_build/results?buildId=6935606,https://dev.azure.com/azure-sdk/590cfd2a-581c-4dcb-a12e-6568ce786175/_build/results?buildId=6935410,,,,,10-09-2026 04:11:47,False
azure-healthinsights-radiologyinsights,BLOCKED,PASS,FAIL,ENABLED,FAIL,PASS,PASS,UNKNOWN,DISABLED,0,0,0,https://dev.azure.com/azure-sdk/590cfd2a-581c-4dcb-a12e-6568ce786175/_build/results?buildId=6935606,https://dev.azure.com/azure-sdk/590cfd2a-581c-4dcb-a12e-6568ce786175/_build/results?buildId=6935606,https://dev.azure.com/azure-sdk/590cfd2a-581c-4dcb-a12e-6568ce786175/_build/results?buildId=6935606,https://dev.azure.com/azure-sdk/590cfd2a-581c-4dcb-a12e-6568ce786175/_build/results?buildId=6935606,https://dev.azure.com/azure-sdk/590cfd2a-581c-4dcb-a12e-6568ce786175/_build/results?buildId=6935606,https://dev.azure.com/azure-sdk/590cfd2a-581c-4dcb-a12e-6568ce786175/_build/results?buildId=6935410,,,,,10-09-2026 04:11:47,False
azure-identity,BLOCKED,PASS,DISABLED,ENABLED,WARNING,PASS,FAIL,PASS,DISABLED,2,0,4,https://dev.azure.com/azure-sdk/590cfd2a-581c-4dcb-a12e-6568ce786175/_build/results?buildId=6935674,,https://dev.azure.com/azure-sdk/590cfd2a-581c-4dcb-a12e-6568ce786175/_build/results?buildId=6648877,https://dev.azure.com/azure-sdk/590cfd2a-581c-4dcb-a12e-6568ce786175/_build/results?buildId=6935674,https://dev.azure.com/azure-sdk/590cfd2a-581c-4dcb-a12e-6568ce786175/_build/results?buildId=6935674,https://dev.azure.com/azure-sdk/590cfd2a-581c-4dcb-a12e-6568ce786175/_build/results?buildId=6933250,,https://github.com/Azure/azure-sdk-for-python/issues?q=is%3Aopen+is%3Aissue+label%3Acustomer-reported+label%3AClient+-label%3Aissue-addressed+-label%3Abug+-label%3Aneeds-author-feedback+-label%3Afeature-request+label%3A%22Azure.Identity%22+created%3A%22%3C2026-09-09%22,,https://github.com/Azure/azure-sdk-for-python/issues?q=is%3Aopen+is%3Aissue+label%3Acustomer-reported+label%3AClient+label%3A%22Azure.Identity%22,10-09-2026 04:11:47,True
azure-identity-broker,BLOCKED,PASS,DISABLED,ENABLED,WARNING,PASS,FAIL,PASS,DISABLED,2,0,4,https://dev.azure.com/azure-sdk/590cfd2a-581c-4dcb-a12e-6568ce786175/_build/results?buildId=6935674,,https://dev.azure.com/azure-sdk/590cfd2a-581c-4dcb-a12e-6568ce786175/_build/results?buildId=6648877,https://dev.azure.com/azure-sdk/590cfd2a-581c-4dcb-a12e-6568ce786175/_build/results?buildId=6935674,https://dev.azure.com/azure-sdk/590cfd2a-581c-4dcb-a12e-6568ce786175/_build/results?buildId=6935674,https://dev.azure.com/azure-sdk/590cfd2a-581c-4dcb-a12e-6568ce786175/_build/results?buildId=6933250,,https://github.com/Azure/azure-sdk-for-python/issues?q=is%3Aopen+is%3Aissue+label%3Acustomer-reported+label%3AClient+-label%3Aissue-addressed+-label%3Abug+-label%3Aneeds-author-feedback+-label%3Afeature-request+label%3A%22Azure.Identity%22+created%3A%22%3C2026-09-09%22,,https://github.com/Azure/azure-sdk-for-python/issues?q=is%3Aopen+is%3Aissue+label%3Acustomer-reported+label%3AClient+label%3A%22Azure.Identity%22,10-09-2026 04:11:47,True
azure-iot-deviceprovisioning,NEEDS_ACTION,WARNING,WARNING,ENABLED,DISABLED,PASS,PASS,UNKNOWN,DISABLED,0,0,0,https://dev.azure.com/azure-sdk/590cfd2a-581c-4dcb-a12e-6568ce786175/_build/results?buildId=6616875,https://dev.azure.com/azure-sdk/590cfd2a-581c-4dcb-a12e-6568ce786175/_build/results?buildId=6616875,,https://dev.azure.com/azure-sdk/590cfd2a-581c-4dcb-a12e-6568ce786175/_build/results?buildId=6932275,https://dev.azure.com/azure-sdk/590cfd2a-581c-4dcb-a12e-6568ce786175/_build/results?buildId=6932275,https://dev.azure.com/azure-sdk/590cfd2a-581c-4dcb-a12e-6568ce786175/_build/results?buildId=6906655,,,,,10-09-2026 04:11:47,False
azure-iot-deviceregistrysoftwareupdate,NEEDS_ACTION,WARNING,WARNING,ENABLED,WARNING,PASS,PASS,UNKNOWN,DISABLED,0,0,0,,,,https://dev.azure.com/azure-sdk/590cfd2a-581c-4dcb-a12e-6568ce786175/_build/results?buildId=6935282,https://dev.azure.com/azure-sdk/590cfd2a-581c-4dcb-a12e-6568ce786175/_build/results?buildId=6935282,,,,,,10-09-2026 04:11:47,False
azure-iot-deviceupdate,BLOCKED,DISABLED,DISABLED,DISABLED,DISABLED,DISABLED,DISABLED,DISABLED,DISABLED,0,0,0,,,,,,,,,,,10-09-2026 04:11:47,False
azure-keyvault-administration,NEEDS_ACTION,PASS,DISABLED,ENABLED,WARNING,PASS,PASS,PASS,DISABLED,1,0,2,https://dev.azure.com/azure-sdk/590cfd2a-581c-4dcb-a12e-6568ce786175/_build/results?buildId=6932379,,https://dev.azure.com/azure-sdk/590cfd2a-581c-4dcb-a12e-6568ce786175/_build/results?buildId=6617937,https://dev.azure.com/azure-sdk/590cfd2a-581c-4dcb-a12e-6568ce786175/_build/results?buildId=6932379,https://dev.azure.com/azure-sdk/590cfd2a-581c-4dcb-a12e-6568ce786175/_build/results?buildId=6932379,https://dev.azure.com/azure-sdk/590cfd2a-581c-4dcb-a12e-6568ce786175/_build/results?buildId=6933411,,https://github.com/Azure/azure-sdk-for-python/issues?q=is%3Aopen+is%3Aissue+label%3Acustomer-reported+label%3AClient+-label%3Aissue-addressed+-label%3Abug+-label%3Aneeds-author-feedback+-label%3Afeature-request+label%3A%22KeyVault%22+created%3A%22%3C2026-09-09%22,,https://github.com/Azure/azure-sdk-for-python/issues?q=is%3Aopen+is%3Aissue+label%3Acustomer-reported+label%3AClient+label%3A%22KeyVault%22,10-09-2026 04:11:47,True
azure-keyvault-certificates,NEEDS_ACTION,PASS,DISABLED,ENABLED,WARNING,PASS,PASS,PASS,DISABLED,1,0,2,https://dev.azure.com/azure-sdk/590cfd2a-581c-4dcb-a12e-6568ce786175/_build/results?buildId=6932379,,https://dev.azure.com/azure-sdk/590cfd2a-581c-4dcb-a12e-6568ce786175/_build/results?buildId=6617937,https://dev.azure.com/azure-sdk/590cfd2a-581c-4dcb-a12e-6568ce786175/_build/results?buildId=6932379,https://dev.azure.com/azure-sdk/590cfd2a-581c-4dcb-a12e-6568ce786175/_build/results?buildId=6932379,https://dev.azure.com/azure-sdk/590cfd2a-581c-4dcb-a12e-6568ce786175/_build/results?buildId=6933411,,https://github.com/Azure/azure-sdk-for-python/issues?q=is%3Aopen+is%3Aissue+label%3Acustomer-reported+label%3AClient+-label%3Aissue-addressed+-label%3Abug+-label%3Aneeds-author-feedback+-label%3Afeature-request+label%3A%22KeyVault%22+created%3A%22%3C2026-09-09%22,,https://github.com/Azure/azure-sdk-for-python/issues?q=is%3Aopen+is%3Aissue+label%3Acustomer-reported+label%3AClient+label%3A%22KeyVault%22,10-09-2026 04:11:47,True
azure-keyvault-keys,NEEDS_ACTION,PASS,DISABLED,ENABLED,WARNING,PASS,PASS,PASS,DISABLED,1,0,2,https://dev.azure.com/azure-sdk/590cfd2a-581c-4dcb-a12e-6568ce786175/_build/results?buildId=6932379,,https://dev.azure.com/azure-sdk/590cfd2a-581c-4dcb-a12e-6568ce786175/_build/results?buildId=6617937,https://dev.azure.com/azure-sdk/590cfd2a-581c-4dcb-a12e-6568ce786175/_build/results?buildId=6932379,https://dev.azure.com/azure-sdk/590cfd2a-581c-4dcb-a12e-6568ce786175/_build/results?buildId=6932379,https://dev.azure.com/azure-sdk/590cfd2a-581c-4dcb-a12e-6568ce786175/_build/results?buildId=6933411,,https://github.com/Azure/azure-sdk-for-python/issues?q=is%3Aopen+is%3Aissue+label%3Acustomer-reported+label%3AClient+-label%3Aissue-addressed+-label%3Abug+-label%3Aneeds-author-feedback+-label%3Afeature-request+label%3A%22KeyVault%22+created%3A%22%3C2026-09-09%22,,https://github.com/Azure/azure-sdk-for-python/issues?q=is%3Aopen+is%3Aissue+label%3Acustomer-reported+label%3AClient+label%3A%22KeyVault%22,10-09-2026 04:11:47,True
azure-keyvault-secrets,NEEDS_ACTION,PASS,PASS,ENABLED,WARNING,PASS,PASS,PASS,DISABLED,1,0,2,https://dev.azure.com/azure-sdk/590cfd2a-581c-4dcb-a12e-6568ce786175/_build/results?buildId=6932379,https://dev.azure.com/azure-sdk/590cfd2a-581c-4dcb-a12e-6568ce786175/_build/results?buildId=6932379,https://dev.azure.com/azure-sdk/590cfd2a-581c-4dcb-a12e-6568ce786175/_build/results?buildId=6617937,https://dev.azure.com/azure-sdk/590cfd2a-581c-4dcb-a12e-6568ce786175/_build/results?buildId=6932379,https://dev.azure.com/azure-sdk/590cfd2a-581c-4dcb-a12e-6568ce786175/_build/results?buildId=6932379,https://dev.azure.com/azure-sdk/590cfd2a-581c-4dcb-a12e-6568ce786175/_build/results?buildId=6933411,,https://github.com/Azure/azure-sdk-for-python/issues?q=is%3Aopen+is%3Aissue+label%3Acustomer-reported+label%3AClient+-label%3Aissue-addressed+-label%3Abug+-label%3Aneeds-author-feedback+-label%3Afeature-request+label%3A%22KeyVault%22+created%3A%22%3C2026-09-09%22,,https://github.com/Azure/azure-sdk-for-python/issues?q=is%3Aopen+is%3Aissue+label%3Acustomer-reported+label%3AClient+label%3A%22KeyVault%22,10-09-2026 04:11:47,True
azure-keyvault-securitydomain,NEEDS_ACTION,PASS,DISABLED,ENABLED,WARNING,PASS,PASS,PASS,DISABLED,1,0,2,https://dev.azure.com/azure-sdk/590cfd2a-581c-4dcb-a12e-6568ce786175/_build/results?buildId=6932379,,https://dev.azure.com/azure-sdk/590cfd2a-581c-4dcb-a12e-6568ce786175/_build/results?buildId=6617937,https://dev.azure.com/azure-sdk/590cfd2a-581c-4dcb-a12e-6568ce786175/_build/results?buildId=6932379,https://dev.azure.com/azure-sdk/590cfd2a-581c-4dcb-a12e-6568ce786175/_build/results?buildId=6932379,https://dev.azure.com/azure-sdk/590cfd2a-581c-4dcb-a12e-6568ce786175/_build/results?buildId=6933411,,https://github.com/Azure/azure-sdk-for-python/issues?q=is%3Aopen+is%3Aissue+label%3Acustomer-reported+label%3AClient+-label%3Aissue-addressed+-label%3Abug+-label%3Aneeds-author-feedback+-label%3Afeature-request+label%3A%22KeyVault%22+created%3A%22%3C2026-09-09%22,,https://github.com/Azure/azure-sdk-for-python/issues?q=is%3Aopen+is%3Aissue+label%3Acustomer-reported+label%3AClient+label%3A%22KeyVault%22,10-09-2026 04:11:47,False
azure-maps-geolocation,NEEDS_ACTION,UNKNOWN,DISABLED,ENABLED,UNKNOWN,PASS,PASS,FAIL,UNKNOWN,1,0,1,https://dev.azure.com/azure-sdk/590cfd2a-581c-4dcb-a12e-6568ce786175/_build/results?buildId=6932064,,https://dev.azure.com/azure-sdk/590cfd2a-581c-4dcb-a12e-6568ce786175/_build/results?buildId=6932064,https://dev.azure.com/azure-sdk/590cfd2a-581c-4dcb-a12e-6568ce786175/_build/results?buildId=6932064,https://dev.azure.com/azure-sdk/590cfd2a-581c-4dcb-a12e-6568ce786175/_build/results?buildId=6932064,https://dev.azure.com/azure-sdk/590cfd2a-581c-4dcb-a12e-6568ce786175/_build/results?buildId=6936102,https://dev.azure.com/azure-sdk/590cfd2a-581c-4dcb-a12e-6568ce786175/_build/results?buildId=6936102,https://github.com/Azure/azure-sdk-for-python/issues?q=is%3Aopen+is%3Aissue+label%3Acustomer-reported+label%3AClient+-label%3Aissue-addressed+-label%3Abug+-label%3Aneeds-author-feedback+-label%3Afeature-request+label%3A%22Maps%22+created%3A%22%3C2026-09-09%22,,https://github.com/Azure/azure-sdk-for-python/issues?q=is%3Aopen+is%3Aissue+label%3Acustomer-reported+label%3AClient+label%3A%22Maps%22,10-09-2026 04:11:47,False
azure-maps-render,NEEDS_ACTION,UNKNOWN,DISABLED,ENABLED,UNKNOWN,PASS,PASS,FAIL,UNKNOWN,1,0,1,https://dev.azure.com/azure-sdk/590cfd2a-581c-4dcb-a12e-6568ce786175/_build/results?buildId=6932064,,https://dev.azure.com/azure-sdk/590cfd2a-581c-4dcb-a12e-6568ce786175/_build/results?buildId=6932064,https://dev.azure.com/azure-sdk/590cfd2a-581c-4dcb-a12e-6568ce786175/_build/results?buildId=6932064,https://dev.azure.com/azure-sdk/590cfd2a-581c-4dcb-a12e-6568ce786175/_build/results?buildId=6932064,https://dev.azure.com/azure-sdk/590cfd2a-581c-4dcb-a12e-6568ce786175/_build/results?buildId=6936102,https://dev.azure.com/azure-sdk/590cfd2a-581c-4dcb-a12e-6568ce786175/_build/results?buildId=6936102,https://github.com/Azure/azure-sdk-for-python/issues?q=is%3Aopen+is%3Aissue+label%3Acustomer-reported+label%3AClient+-label%3Aissue-addressed+-label%3Abug+-label%3Aneeds-author-feedback+-label%3Afeature-request+label%3A%22Maps%22+created%3A%22%3C2026-09-09%22,,https://github.com/Azure/azure-sdk-for-python/issues?q=is%3Aopen+is%3Aissue+label%3Acustomer-reported+label%3AClient+label%3A%22Maps%22,10-09-2026 04:11:47,False
azure-maps-route,NEEDS_ACTION,UNKNOWN,DISABLED,ENABLED,UNKNOWN,PASS,PASS,FAIL,UNKNOWN,1,0,1,https://dev.azure.com/azure-sdk/590cfd2a-581c-4dcb-a12e-6568ce786175/_build/results?buildId=6932064,,https://dev.azure.com/azure-sdk/590cfd2a-581c-4dcb-a12e-6568ce786175/_build/results?buildId=6932064,https://dev.azure.com/azure-sdk/590cfd2a-581c-4dcb-a12e-6568ce786175/_build/results?buildId=6932064,https://dev.azure.com/azure-sdk/590cfd2a-581c-4dcb-a12e-6568ce786175/_build/results?buildId=6932064,https://dev.azure.com/azure-sdk/590cfd2a-581c-4dcb-a12e-6568ce786175/_build/results?buildId=6936102,https://dev.azure.com/azure-sdk/590cfd2a-581c-4dcb-a12e-6568ce786175/_build/results?buildId=6936102,https://github.com/Azure/azure-sdk-for-python/issues?q=is%3Aopen+is%3Aissue+label%3Acustomer-reported+label%3AClient+-label%3Aissue-addressed+-label%3Abug+-label%3Aneeds-author-feedback+-label%3Afeature-request+label%3A%22Maps%22+created%3A%22%3C2026-09-09%22,,https://github.com/Azure/azure-sdk-for-python/issues?q=is%3Aopen+is%3Aissue+label%3Acustomer-reported+label%3AClient+label%3A%22Maps%22,10-09-2026 04:11:47,False
azure-maps-search,NEEDS_ACTION,UNKNOWN,DISABLED,ENABLED,UNKNOWN,PASS,PASS,FAIL,UNKNOWN,1,0,1,https://dev.azure.com/azure-sdk/590cfd2a-581c-4dcb-a12e-6568ce786175/_build/results?buildId=6932064,,https://dev.azure.com/azure-sdk/590cfd2a-581c-4dcb-a12e-6568ce786175/_build/results?buildId=6932064,https://dev.azure.com/azure-sdk/590cfd2a-581c-4dcb-a12e-6568ce786175/_build/results?buildId=6932064,https://dev.azure.com/azure-sdk/590cfd2a-581c-4dcb-a12e-6568ce786175/_build/results?buildId=6932064,https://dev.azure.com/azure-sdk/590cfd2a-581c-4dcb-a12e-6568ce786175/_build/results?buildId=6936102,https://dev.azure.com/azure-sdk/590cfd2a-581c-4dcb-a12e-6568ce786175/_build/results?buildId=6936102,https://github.com/Azure/azure-sdk-for-python/issues?q=is%3Aopen+is%3Aissue+label%3Acustomer-reported+label%3AClient+-label%3Aissue-addressed+-label%3Abug+-label%3Aneeds-author-feedback+-label%3Afeature-request+label%3A%22Maps%22+created%3A%22%3C2026-09-09%22,,https://github.com/Azure/azure-sdk-for-python/issues?q=is%3Aopen+is%3Aissue+label%3Acustomer-reported+label%3AClient+label%3A%22Maps%22,10-09-2026 04:11:47,False
azure-maps-timezone,NEEDS_ACTION,UNKNOWN,DISABLED,ENABLED,UNKNOWN,PASS,PASS,FAIL,UNKNOWN,1,0,1,https://dev.azure.com/azure-sdk/590cfd2a-581c-4dcb-a12e-6568ce786175/_build/results?buildId=6932064,,https://dev.azure.com/azure-sdk/590cfd2a-581c-4dcb-a12e-6568ce786175/_build/results?buildId=6932064,https://dev.azure.com/azure-sdk/590cfd2a-581c-4dcb-a12e-6568ce786175/_build/results?buildId=6932064,https://dev.azure.com/azure-sdk/590cfd2a-581c-4dcb-a12e-6568ce786175/_build/results?buildId=6932064,https://dev.azure.com/azure-sdk/590cfd2a-581c-4dcb-a12e-6568ce786175/_build/results?buildId=6936102,https://dev.azure.com/azure-sdk/590cfd2a-581c-4dcb-a12e-6568ce786175/_build/results?buildId=6936102,https://github.com/Azure/azure-sdk-for-python/issues?q=is%3Aopen+is%3Aissue+label%3Acustomer-reported+label%3AClient+-label%3Aissue-addressed+-label%3Abug+-label%3Aneeds-author-feedback+-label%3Afeature-request+label%3A%22Maps%22+created%3A%22%3C2026-09-09%22,,https://github.com/Azure/azure-sdk-for-python/issues?q=is%3Aopen+is%3Aissue+label%3Acustomer-reported+label%3AClient+label%3A%22Maps%22,10-09-2026 04:11:47,False
azure-maps-weather,NEEDS_ACTION,UNKNOWN,DISABLED,ENABLED,UNKNOWN,PASS,PASS,FAIL,UNKNOWN,1,0,1,https://dev.azure.com/azure-sdk/590cfd2a-581c-4dcb-a12e-6568ce786175/_build/results?buildId=6932064,,https://dev.azure.com/azure-sdk/590cfd2a-581c-4dcb-a12e-6568ce786175/_build/results?buildId=6932064,https://dev.azure.com/azure-sdk/590cfd2a-581c-4dcb-a12e-6568ce786175/_build/results?buildId=6932064,https://dev.azure.com/azure-sdk/590cfd2a-581c-4dcb-a12e-6568ce786175/_build/results?buildId=6932064,https://dev.azure.com/azure-sdk/590cfd2a-581c-4dcb-a12e-6568ce786175/_build/results?buildId=6936102,https://dev.azure.com/azure-sdk/590cfd2a-581c-4dcb-a12e-6568ce786175/_build/results?buildId=6936102,https://github.com/Azure/azure-sdk-for-python/issues?q=is%3Aopen+is%3Aissue+label%3Acustomer-reported+label%3AClient+-label%3Aissue-addressed+-label%3Abug+-label%3Aneeds-author-feedback+-label%3Afeature-request+label%3A%22Maps%22+created%3A%22%3C2026-09-09%22,,https://github.com/Azure/azure-sdk-for-python/issues?q=is%3Aopen+is%3Aissue+label%3Acustomer-reported+label%3AClient+label%3A%22Maps%22,10-09-2026 04:11:47,False
azure-messaging-webpubsubchatservice,NEEDS_ACTION,WARNING,WARNING,ENABLED,PASS,PASS,PASS,PASS,PASS,0,0,0,https://dev.azure.com/azure-sdk/590cfd2a-581c-4dcb-a12e-6568ce786175/_build/results?buildId=6617964,https://dev.azure.com/azure-sdk/590cfd2a-581c-4dcb-a12e-6568ce786175/_build/results?buildId=6617964,https://dev.azure.com/azure-sdk/590cfd2a-581c-4dcb-a12e-6568ce786175/_build/results?buildId=6933462,https://dev.azure.com/azure-sdk/590cfd2a-581c-4dcb-a12e-6568ce786175/_build/results?buildId=6933462,https://dev.azure.com/azure-sdk/590cfd2a-581c-4dcb-a12e-6568ce786175/_build/results?buildId=6933462,https://dev.azure.com/azure-sdk/590cfd2a-581c-4dcb-a12e-6568ce786175/_build/results?buildId=2733455,https://dev.azure.com/azure-sdk/590cfd2a-581c-4dcb-a12e-6568ce786175/_build/results?buildId=2733455,,,,10-09-2026 04:11:47,False
azure-messaging-webpubsubclient,NEEDS_ACTION,WARNING,DISABLED,ENABLED,DISABLED,PASS,PASS,PASS,PASS,0,0,0,https://dev.azure.com/azure-sdk/590cfd2a-581c-4dcb-a12e-6568ce786175/_build/results?buildId=6617964,,,https://dev.azure.com/azure-sdk/590cfd2a-581c-4dcb-a12e-6568ce786175/_build/results?buildId=6933462,https://dev.azure.com/azure-sdk/590cfd2a-581c-4dcb-a12e-6568ce786175/_build/results?buildId=6933462,https://dev.azure.com/azure-sdk/590cfd2a-581c-4dcb-a12e-6568ce786175/_build/results?buildId=2733455,https://dev.azure.com/azure-sdk/590cfd2a-581c-4dcb-a12e-6568ce786175/_build/results?buildId=2733455,,,,10-09-2026 04:11:47,False
azure-messaging-webpubsubservice,NEEDS_ACTION,DISABLED,DISABLED,ENABLED,DISABLED,PASS,PASS,PASS,PASS,0,0,0,,,,https://dev.azure.com/azure-sdk/590cfd2a-581c-4dcb-a12e-6568ce786175/_build/results?buildId=6933462,https://dev.azure.com/azure-sdk/590cfd2a-581c-4dcb-a12e-6568ce786175/_build/results?buildId=6933462,https://dev.azure.com/azure-sdk/590cfd2a-581c-4dcb-a12e-6568ce786175/_build/results?buildId=2733455,https://dev.azure.com/azure-sdk/590cfd2a-581c-4dcb-a12e-6568ce786175/_build/results?buildId=2733455,,,,10-09-2026 04:11:47,False
azure-mgmt-core,NEEDS_ACTION,WARNING,DISABLED,ENABLED,WARNING,PASS,PASS,PASS,DISABLED,1,0,2,https://dev.azure.com/azure-sdk/590cfd2a-581c-4dcb-a12e-6568ce786175/_build/results?buildId=6915922,,https://dev.azure.com/azure-sdk/590cfd2a-581c-4dcb-a12e-6568ce786175/_build/results?buildId=6915922,https://dev.azure.com/azure-sdk/590cfd2a-581c-4dcb-a12e-6568ce786175/_build/results?buildId=6931552,https://dev.azure.com/azure-sdk/590cfd2a-581c-4dcb-a12e-6568ce786175/_build/results?buildId=6931552,https://dev.azure.com/azure-sdk/590cfd2a-581c-4dcb-a12e-6568ce786175/_build/results?buildId=6932757,,https://github.com/Azure/azure-sdk-for-python/issues?q=is%3Aopen+is%3Aissue+label%3Acustomer-reported+label%3AClient+-label%3Aissue-addressed+-label%3Abug+-label%3Aneeds-author-feedback+-label%3Afeature-request+label%3A%22Azure.Core%22+created%3A%22%3C2026-09-09%22,,https://github.com/Azure/azure-sdk-for-python/issues?q=is%3Aopen+is%3Aissue+label%3Acustomer-reported+label%3AClient+label%3A%22Azure.Core%22,10-09-2026 04:11:47,True
azure-monitor-ingestion,NEEDS_ACTION,WARNING,WARNING,ENABLED,WARNING,PASS,PASS,UNKNOWN,DISABLED,0,0,1,https://dev.azure.com/azure-sdk/590cfd2a-581c-4dcb-a12e-6568ce786175/_build/results?buildId=6617757,https://dev.azure.com/azure-sdk/590cfd2a-581c-4dcb-a12e-6568ce786175/_build/results?buildId=6617757,https://dev.azure.com/azure-sdk/590cfd2a-581c-4dcb-a12e-6568ce786175/_build/results?buildId=6617757,https://dev.azure.com/azure-sdk/590cfd2a-581c-4dcb-a12e-6568ce786175/_build/results?buildId=6932610,https://dev.azure.com/azure-sdk/590cfd2a-581c-4dcb-a12e-6568ce786175/_build/results?buildId=6932610,https://dev.azure.com/azure-sdk/590cfd2a-581c-4dcb-a12e-6568ce786175/_build/results?buildId=6931330,,,,https://github.com/Azure/azure-sdk-for-python/issues?q=is%3Aopen+is%3Aissue+label%3Acustomer-reported+label%3AClient+label%3A%22Monitor%22,10-09-2026 04:11:47,True
azure-monitor-opentelemetry,NEEDS_ACTION,WARNING,DISABLED,ENABLED,WARNING,PASS,PASS,UNKNOWN,DISABLED,0,0,0,https://dev.azure.com/azure-sdk/590cfd2a-581c-4dcb-a12e-6568ce786175/_build/results?buildId=6617757,,https://dev.azure.com/azure-sdk/590cfd2a-581c-4dcb-a12e-6568ce786175/_build/results?buildId=6617757,https://dev.azure.com/azure-sdk/590cfd2a-581c-4dcb-a12e-6568ce786175/_build/results?buildId=6932610,https://dev.azure.com/azure-sdk/590cfd2a-581c-4dcb-a12e-6568ce786175/_build/results?buildId=6932610,https://dev.azure.com/azure-sdk/590cfd2a-581c-4dcb-a12e-6568ce786175/_build/results?buildId=6931330,,,,,10-09-2026 04:11:47,False
azure-monitor-opentelemetry-exporter,NEEDS_ACTION,WARNING,DISABLED,ENABLED,WARNING,PASS,PASS,UNKNOWN,DISABLED,1,0,2,https://dev.azure.com/azure-sdk/590cfd2a-581c-4dcb-a12e-6568ce786175/_build/results?buildId=6617757,,https://dev.azure.com/azure-sdk/590cfd2a-581c-4dcb-a12e-6568ce786175/_build/results?buildId=6617757,https://dev.azure.com/azure-sdk/590cfd2a-581c-4dcb-a12e-6568ce786175/_build/results?buildId=6932610,https://dev.azure.com/azure-sdk/590cfd2a-581c-4dcb-a12e-6568ce786175/_build/results?buildId=6932610,https://dev.azure.com/azure-sdk/590cfd2a-581c-4dcb-a12e-6568ce786175/_build/results?buildId=6931330,,https://github.com/Azure/azure-sdk-for-python/issues?q=is%3Aopen+is%3Aissue+label%3Acustomer-reported+label%3AClient+-label%3Aissue-addressed+-label%3Abug+-label%3Aneeds-author-feedback+-label%3Afeature-request+label%3A%22Monitor+-+Exporter%22+created%3A%22%3C2026-09-09%22,,https://github.com/Azure/azure-sdk-for-python/issues?q=is%3Aopen+is%3Aissue+label%3Acustomer-reported+label%3AClient+label%3A%22Monitor+-+Exporter%22,10-09-2026 04:11:47,False
azure-monitor-query,NEEDS_ACTION,WARNING,WARNING,ENABLED,WARNING,PASS,PASS,UNKNOWN,DISABLED,0,0,1,https://dev.azure.com/azure-sdk/590cfd2a-581c-4dcb-a12e-6568ce786175/_build/results?buildId=6617757,https://dev.azure.com/azure-sdk/590cfd2a-581c-4dcb-a12e-6568ce786175/_build/results?buildId=6617757,https://dev.azure.com/azure-sdk/590cfd2a-581c-4dcb-a12e-6568ce786175/_build/results?buildId=6617757,https://dev.azure.com/azure-sdk/590cfd2a-581c-4dcb-a12e-6568ce786175/_build/results?buildId=6932610,https://dev.azure.com/azure-sdk/590cfd2a-581c-4dcb-a12e-6568ce786175/_build/results?buildId=6932610,https://dev.azure.com/azure-sdk/590cfd2a-581c-4dcb-a12e-6568ce786175/_build/results?buildId=6931330,,,,https://github.com/Azure/azure-sdk-for-python/issues?q=is%3Aopen+is%3Aissue+label%3Acustomer-reported+label%3AClient+label%3A%22Monitor%22,10-09-2026 04:11:47,True
azure-monitor-querymetrics,NEEDS_ACTION,WARNING,WARNING,ENABLED,WARNING,PASS,PASS,UNKNOWN,DISABLED,0,0,1,https://dev.azure.com/azure-sdk/590cfd2a-581c-4dcb-a12e-6568ce786175/_build/results?buildId=6617757,https://dev.azure.com/azure-sdk/590cfd2a-581c-4dcb-a12e-6568ce786175/_build/results?buildId=6617757,https://dev.azure.com/azure-sdk/590cfd2a-581c-4dcb-a12e-6568ce786175/_build/results?buildId=6617757,https://dev.azure.com/azure-sdk/590cfd2a-581c-4dcb-a12e-6568ce786175/_build/results?buildId=6932610,https://dev.azure.com/azure-sdk/590cfd2a-581c-4dcb-a12e-6568ce786175/_build/results?buildId=6932610,https://dev.azure.com/azure-sdk/590cfd2a-581c-4dcb-a12e-6568ce786175/_build/results?buildId=6931330,,,,https://github.com/Azure/azure-sdk-for-python/issues?q=is%3Aopen+is%3Aissue+label%3Acustomer-reported+label%3AClient+label%3A%22Monitor%22,10-09-2026 04:11:47,False
azure-onlineexperimentation,BLOCKED,WARNING,FAIL,ENABLED,FAIL,PASS,PASS,UNKNOWN,DISABLED,0,0,0,,https://dev.azure.com/azure-sdk/590cfd2a-581c-4dcb-a12e-6568ce786175/_build/results?buildId=6934036,https://dev.azure.com/azure-sdk/590cfd2a-581c-4dcb-a12e-6568ce786175/_build/results?buildId=6934036,https://dev.azure.com/azure-sdk/590cfd2a-581c-4dcb-a12e-6568ce786175/_build/results?buildId=6934036,https://dev.azure.com/azure-sdk/590cfd2a-581c-4dcb-a12e-6568ce786175/_build/results?buildId=6934036,,,,,,10-09-2026 04:11:47,False
azure-planetarycomputer,NEEDS_ACTION,WARNING,WARNING,ENABLED,WARNING,PASS,PASS,UNKNOWN,DISABLED,0,0,0,,,,https://dev.azure.com/azure-sdk/590cfd2a-581c-4dcb-a12e-6568ce786175/_build/results?buildId=6935046,https://dev.azure.com/azure-sdk/590cfd2a-581c-4dcb-a12e-6568ce786175/_build/results?buildId=6935046,,,,,,10-09-2026 04:11:47,False
azure-postgresql-auth,BLOCKED,WARNING,DISABLED,ENABLED,WARNING,FAIL,FAIL,FAIL,DISABLED,0,0,0,https://dev.azure.com/azure-sdk/590cfd2a-581c-4dcb-a12e-6568ce786175/_build/results?buildId=6916261,,https://dev.azure.com/azure-sdk/590cfd2a-581c-4dcb-a12e-6568ce786175/_build/results?buildId=6916261,https://dev.azure.com/azure-sdk/590cfd2a-581c-4dcb-a12e-6568ce786175/_build/results?buildId=6934563,https://dev.azure.com/azure-sdk/590cfd2a-581c-4dcb-a12e-6568ce786175/_build/results?buildId=6934563,https://dev.azure.com/azure-sdk/590cfd2a-581c-4dcb-a12e-6568ce786175/_build/results?buildId=6934621,,,,,10-09-2026 04:11:47,False
azure-purview-administration,BLOCKED,DISABLED,DISABLED,DISABLED,DISABLED,DISABLED,DISABLED,DISABLED,DISABLED,2,1,3,,,,,,,,https://github.com/Azure/azure-sdk-for-python/issues?q=is%3Aopen+is%3Aissue+label%3Acustomer-reported+label%3AClient+-label%3Aissue-addressed+-label%3Abug+-label%3Aneeds-author-feedback+-label%3Afeature-request+label%3A%22Purview%22+created%3A%22%3C2026-09-09%22,https://github.com/Azure/azure-sdk-for-python/issues?q=is%3Aopen+is%3Aissue+label%3Acustomer-reported+label%3AClient+-label%3Aissue-addressed+-label%3Aquestion+-label%3Aneeds-author-feedback+-label%3Afeature-request+label%3A%22Purview%22+created%3A%22%3C2026-07-11%22,https://github.com/Azure/azure-sdk-for-python/issues?q=is%3Aopen+is%3Aissue+label%3Acustomer-reported+label%3AClient+label%3A%22Purview%22,10-09-2026 04:11:47,False
azure-purview-datamap,BLOCKED,WARNING,FAIL,ENABLED,DISABLED,DISABLED,PASS,UNKNOWN,DISABLED,2,1,3,https://dev.azure.com/azure-sdk/590cfd2a-581c-4dcb-a12e-6568ce786175/_build/results?buildId=6617571,https://dev.azure.com/azure-sdk/590cfd2a-581c-4dcb-a12e-6568ce786175/_build/results?buildId=6935212,,,https://dev.azure.com/azure-sdk/590cfd2a-581c-4dcb-a12e-6568ce786175/_build/results?buildId=6935212,https://dev.azure.com/azure-sdk/590cfd2a-581c-4dcb-a12e-6568ce786175/_build/results?buildId=6906551,,https://github.com/Azure/azure-sdk-for-python/issues?q=is%3Aopen+is%3Aissue+label%3Acustomer-reported+label%3AClient+-label%3Aissue-addressed+-label%3Abug+-label%3Aneeds-author-feedback+-label%3Afeature-request+label%3A%22Purview%22+created%3A%22%3C2026-09-09%22,https://github.com/Azure/azure-sdk-for-python/issues?q=is%3Aopen+is%3Aissue+label%3Acustomer-reported+label%3AClient+-label%3Aissue-addressed+-label%3Aquestion+-label%3Aneeds-author-feedback+-label%3Afeature-request+label%3A%22Purview%22+created%3A%22%3C2026-07-11%22,https://github.com/Azure/azure-sdk-for-python/issues?q=is%3Aopen+is%3Aissue+label%3Acustomer-reported+label%3AClient+label%3A%22Purview%22,10-09-2026 04:11:47,False
azure-purview-scanning,BLOCKED,DISABLED,DISABLED,DISABLED,DISABLED,DISABLED,DISABLED,DISABLED,DISABLED,2,1,3,,,,,,,,https://github.com/Azure/azure-sdk-for-python/issues?q=is%3Aopen+is%3Aissue+label%3Acustomer-reported+label%3AClient+-label%3Aissue-addressed+-label%3Abug+-label%3Aneeds-author-feedback+-label%3Afeature-request+label%3A%22Purview%22+created%3A%22%3C2026-09-09%22,https://github.com/Azure/azure-sdk-for-python/issues?q=is%3Aopen+is%3Aissue+label%3Acustomer-reported+label%3AClient+-label%3Aissue-addressed+-label%3Aquestion+-label%3Aneeds-author-feedback+-label%3Afeature-request+label%3A%22Purview%22+created%3A%22%3C2026-07-11%22,https://github.com/Azure/azure-sdk-for-python/issues?q=is%3Aopen+is%3Aissue+label%3Acustomer-reported+label%3AClient+label%3A%22Purview%22,10-09-2026 04:11:47,False
azure-purview-sharing,NEEDS_ACTION,WARNING,DISABLED,ENABLED,DISABLED,DISABLED,PASS,UNKNOWN,DISABLED,2,1,3,https://dev.azure.com/azure-sdk/590cfd2a-581c-4dcb-a12e-6568ce786175/_build/results?buildId=6617571,,,,https://dev.azure.com/azure-sdk/590cfd2a-581c-4dcb-a12e-6568ce786175/_build/results?buildId=6935212,https://dev.azure.com/azure-sdk/590cfd2a-581c-4dcb-a12e-6568ce786175/_build/results?buildId=6906551,,https://github.com/Azure/azure-sdk-for-python/issues?q=is%3Aopen+is%3Aissue+label%3Acustomer-reported+label%3AClient+-label%3Aissue-addressed+-label%3Abug+-label%3Aneeds-author-feedback+-label%3Afeature-request+label%3A%22Purview%22+created%3A%22%3C2026-09-09%22,https://github.com/Azure/azure-sdk-for-python/issues?q=is%3Aopen+is%3Aissue+label%3Acustomer-reported+label%3AClient+-label%3Aissue-addressed+-label%3Aquestion+-label%3Aneeds-author-feedback+-label%3Afeature-request+label%3A%22Purview%22+created%3A%22%3C2026-07-11%22,https://github.com/Azure/azure-sdk-for-python/issues?q=is%3Aopen+is%3Aissue+label%3Acustomer-reported+label%3AClient+label%3A%22Purview%22,10-09-2026 04:11:47,False
azure-purview-workflow,BLOCKED,WARNING,FAIL,ENABLED,FAIL,PASS,PASS,UNKNOWN,DISABLED,2,1,3,https://dev.azure.com/azure-sdk/590cfd2a-581c-4dcb-a12e-6568ce786175/_build/results?buildId=6617571,https://dev.azure.com/azure-sdk/590cfd2a-581c-4dcb-a12e-6568ce786175/_build/results?buildId=6935212,https://dev.azure.com/azure-sdk/590cfd2a-581c-4dcb-a12e-6568ce786175/_build/results?buildId=6935212,https://dev.azure.com/azure-sdk/590cfd2a-581c-4dcb-a12e-6568ce786175/_build/results?buildId=6935212,https://dev.azure.com/azure-sdk/590cfd2a-581c-4dcb-a12e-6568ce786175/_build/results?buildId=6935212,https://dev.azure.com/azure-sdk/590cfd2a-581c-4dcb-a12e-6568ce786175/_build/results?buildId=6906551,,https://github.com/Azure/azure-sdk-for-python/issues?q=is%3Aopen+is%3Aissue+label%3Acustomer-reported+label%3AClient+-label%3Aissue-addressed+-label%3Abug+-label%3Aneeds-author-feedback+-label%3Afeature-request+label%3A%22Purview%22+created%3A%22%3C2026-09-09%22,https://github.com/Azure/azure-sdk-for-python/issues?q=is%3Aopen+is%3Aissue+label%3Acustomer-reported+label%3AClient+-label%3Aissue-addressed+-label%3Aquestion+-label%3Aneeds-author-feedback+-label%3Afeature-request+label%3A%22Purview%22+created%3A%22%3C2026-07-11%22,https://github.com/Azure/azure-sdk-for-python/issues?q=is%3Aopen+is%3Aissue+label%3Acustomer-reported+label%3AClient+label%3A%22Purview%22,10-09-2026 04:11:47,False
azure-schemaregistry,BLOCKED,PASS,DISABLED,ENABLED,FAIL,PASS,PASS,PASS,DISABLED,0,0,0,https://dev.azure.com/azure-sdk/590cfd2a-581c-4dcb-a12e-6568ce786175/_build/results?buildId=6932555,,https://dev.azure.com/azure-sdk/590cfd2a-581c-4dcb-a12e-6568ce786175/_build/results?buildId=6932555,https://dev.azure.com/azure-sdk/590cfd2a-581c-4dcb-a12e-6568ce786175/_build/results?buildId=6932555,https://dev.azure.com/azure-sdk/590cfd2a-581c-4dcb-a12e-6568ce786175/_build/results?buildId=6932555,https://dev.azure.com/azure-sdk/590cfd2a-581c-4dcb-a12e-6568ce786175/_build/results?buildId=6935709,,,,,10-09-2026 04:11:47,True
azure-schemaregistry-avroencoder,BLOCKED,PASS,DISABLED,ENABLED,FAIL,PASS,PASS,PASS,DISABLED,0,0,0,https://dev.azure.com/azure-sdk/590cfd2a-581c-4dcb-a12e-6568ce786175/_build/results?buildId=6932555,,https://dev.azure.com/azure-sdk/590cfd2a-581c-4dcb-a12e-6568ce786175/_build/results?buildId=6932555,https://dev.azure.com/azure-sdk/590cfd2a-581c-4dcb-a12e-6568ce786175/_build/results?buildId=6932555,https://dev.azure.com/azure-sdk/590cfd2a-581c-4dcb-a12e-6568ce786175/_build/results?buildId=6932555,https://dev.azure.com/azure-sdk/590cfd2a-581c-4dcb-a12e-6568ce786175/_build/results?buildId=6935709,,,,,10-09-2026 04:11:47,True
azure-search-documents,NEEDS_ACTION,PASS,DISABLED,ENABLED,WARNING,PASS,PASS,FAIL,DISABLED,1,1,5,https://dev.azure.com/azure-sdk/590cfd2a-581c-4dcb-a12e-6568ce786175/_build/results?buildId=6932936,,https://dev.azure.com/azure-sdk/590cfd2a-581c-4dcb-a12e-6568ce786175/_build/results?buildId=6617932,https://dev.azure.com/azure-sdk/590cfd2a-581c-4dcb-a12e-6568ce786175/_build/results?buildId=6932936,https://dev.azure.com/azure-sdk/590cfd2a-581c-4dcb-a12e-6568ce786175/_build/results?buildId=6932936,https://dev.azure.com/azure-sdk/590cfd2a-581c-4dcb-a12e-6568ce786175/_build/results?buildId=6933123,,https://github.com/Azure/azure-sdk-for-python/issues?q=is%3Aopen+is%3Aissue+label%3Acustomer-reported+label%3AClient+-label%3Aissue-addressed+-label%3Abug+-label%3Aneeds-author-feedback+-label%3Afeature-request+label%3A%22Search%22+created%3A%22%3C2026-09-09%22,https://github.com/Azure/azure-sdk-for-python/issues?q=is%3Aopen+is%3Aissue+label%3Acustomer-reported+label%3AClient+-label%3Aissue-addressed+-label%3Aquestion+-label%3Aneeds-author-feedback+-label%3Afeature-request+label%3A%22Search%22+created%3A%22%3C2026-07-11%22,https://github.com/Azure/azure-sdk-for-python/issues?q=is%3Aopen+is%3Aissue+label%3Acustomer-reported+label%3AClient+label%3A%22Search%22,10-09-2026 04:11:47,True
azure-security-attestation,BLOCKED,DISABLED,DISABLED,DISABLED,DISABLED,DISABLED,DISABLED,DISABLED,DISABLED,0,0,0,,,,,,,,,,,10-09-2026 04:11:47,False
azure-servicebus,NEEDS_ACTION,PASS,DISABLED,ENABLED,WARNING,PASS,PASS,FAIL,DISABLED,0,0,1,https://dev.azure.com/azure-sdk/590cfd2a-581c-4dcb-a12e-6568ce786175/_build/results?buildId=6933028,,https://dev.azure.com/azure-sdk/590cfd2a-581c-4dcb-a12e-6568ce786175/_build/results?buildId=5255438,https://dev.azure.com/azure-sdk/590cfd2a-581c-4dcb-a12e-6568ce786175/_build/results?buildId=6933028,https://dev.azure.com/azure-sdk/590cfd2a-581c-4dcb-a12e-6568ce786175/_build/results?buildId=6933028,https://dev.azure.com/azure-sdk/590cfd2a-581c-4dcb-a12e-6568ce786175/_build/results?buildId=6932119,,,,https://github.com/Azure/azure-sdk-for-python/issues?q=is%3Aopen+is%3Aissue+label%3Acustomer-reported+label%3AClient+label%3A%22WebPubSub%22,10-09-2026 04:11:47,True
azure-storage-blob,NEEDS_ACTION,UNKNOWN,DISABLED,ENABLED,UNKNOWN,UNKNOWN,UNKNOWN,FAIL,UNKNOWN,2,1,7,https://dev.azure.com/azure-sdk/590cfd2a-581c-4dcb-a12e-6568ce786175/_build/results?buildId=6936107,,https://dev.azure.com/azure-sdk/590cfd2a-581c-4dcb-a12e-6568ce786175/_build/results?buildId=6936107,https://dev.azure.com/azure-sdk/590cfd2a-581c-4dcb-a12e-6568ce786175/_build/results?buildId=6936107,https://dev.azure.com/azure-sdk/590cfd2a-581c-4dcb-a12e-6568ce786175/_build/results?buildId=6936107,https://dev.azure.com/azure-sdk/590cfd2a-581c-4dcb-a12e-6568ce786175/_build/results?buildId=6933797,https://dev.azure.com/azure-sdk/590cfd2a-581c-4dcb-a12e-6568ce786175/_build/results?buildId=6933797,https://github.com/Azure/azure-sdk-for-python/issues?q=is%3Aopen+is%3Aissue+label%3Acustomer-reported+label%3AClient+-label%3Aissue-addressed+-label%3Abug+-label%3Aneeds-author-feedback+-label%3Afeature-request+label%3A%22Storage%22+created%3A%22%3C2026-09-09%22,https://github.com/Azure/azure-sdk-for-python/issues?q=is%3Aopen+is%3Aissue+label%3Acustomer-reported+label%3AClient+-label%3Aissue-addressed+-label%3Aquestion+-label%3Aneeds-author-feedback+-label%3Afeature-request+label%3A%22Storage%22+created%3A%22%3C2026-07-11%22,https://github.com/Azure/azure-sdk-for-python/issues?q=is%3Aopen+is%3Aissue+label%3Acustomer-reported+label%3AClient+label%3A%22Storage%22,10-09-2026 04:11:47,False
azure-storage-blob-changefeed,NEEDS_ACTION,UNKNOWN,DISABLED,ENABLED,UNKNOWN,UNKNOWN,UNKNOWN,FAIL,UNKNOWN,2,1,7,https://dev.azure.com/azure-sdk/590cfd2a-581c-4dcb-a12e-6568ce786175/_build/results?buildId=6936107,,https://dev.azure.com/azure-sdk/590cfd2a-581c-4dcb-a12e-6568ce786175/_build/results?buildId=6936107,https://dev.azure.com/azure-sdk/590cfd2a-581c-4dcb-a12e-6568ce786175/_build/results?buildId=6936107,https://dev.azure.com/azure-sdk/590cfd2a-581c-4dcb-a12e-6568ce786175/_build/results?buildId=6936107,https://dev.azure.com/azure-sdk/590cfd2a-581c-4dcb-a12e-6568ce786175/_build/results?buildId=6933797,https://dev.azure.com/azure-sdk/590cfd2a-581c-4dcb-a12e-6568ce786175/_build/results?buildId=6933797,https://github.com/Azure/azure-sdk-for-python/issues?q=is%3Aopen+is%3Aissue+label%3Acustomer-reported+label%3AClient+-label%3Aissue-addressed+-label%3Abug+-label%3Aneeds-author-feedback+-label%3Afeature-request+label%3A%22Storage%22+created%3A%22%3C2026-09-09%22,https://github.com/Azure/azure-sdk-for-python/issues?q=is%3Aopen+is%3Aissue+label%3Acustomer-reported+label%3AClient+-label%3Aissue-addressed+-label%3Aquestion+-label%3Aneeds-author-feedback+-label%3Afeature-request+label%3A%22Storage%22+created%3A%22%3C2026-07-11%22,https://github.com/Azure/azure-sdk-for-python/issues?q=is%3Aopen+is%3Aissue+label%3Acustomer-reported+label%3AClient+label%3A%22Storage%22,10-09-2026 04:11:47,False
azure-storage-extensions,NEEDS_ACTION,DISABLED,DISABLED,DISABLED,DISABLED,DISABLED,UNKNOWN,FAIL,UNKNOWN,2,1,7,,,,,https://dev.azure.com/azure-sdk/590cfd2a-581c-4dcb-a12e-6568ce786175/_build/results?buildId=6936107,https://dev.azure.com/azure-sdk/590cfd2a-581c-4dcb-a12e-6568ce786175/_build/results?buildId=6933797,https://dev.azure.com/azure-sdk/590cfd2a-581c-4dcb-a12e-6568ce786175/_build/results?buildId=6933797,https://github.com/Azure/azure-sdk-for-python/issues?q=is%3Aopen+is%3Aissue+label%3Acustomer-reported+label%3AClient+-label%3Aissue-addressed+-label%3Abug+-label%3Aneeds-author-feedback+-label%3Afeature-request+label%3A%22Storage%22+created%3A%22%3C2026-09-09%22,https://github.com/Azure/azure-sdk-for-python/issues?q=is%3Aopen+is%3Aissue+label%3Acustomer-reported+label%3AClient+-label%3Aissue-addressed+-label%3Aquestion+-label%3Aneeds-author-feedback+-label%3Afeature-request+label%3A%22Storage%22+created%3A%22%3C2026-07-11%22,https://github.com/Azure/azure-sdk-for-python/issues?q=is%3Aopen+is%3Aissue+label%3Acustomer-reported+label%3AClient+label%3A%22Storage%22,10-09-2026 04:11:47,False
azure-storage-file-datalake,NEEDS_ACTION,UNKNOWN,DISABLED,ENABLED,UNKNOWN,UNKNOWN,UNKNOWN,FAIL,UNKNOWN,2,1,7,https://dev.azure.com/azure-sdk/590cfd2a-581c-4dcb-a12e-6568ce786175/_build/results?buildId=6936107,,https://dev.azure.com/azure-sdk/590cfd2a-581c-4dcb-a12e-6568ce786175/_build/results?buildId=6936107,https://dev.azure.com/azure-sdk/590cfd2a-581c-4dcb-a12e-6568ce786175/_build/results?buildId=6936107,https://dev.azure.com/azure-sdk/590cfd2a-581c-4dcb-a12e-6568ce786175/_build/results?buildId=6936107,https://dev.azure.com/azure-sdk/590cfd2a-581c-4dcb-a12e-6568ce786175/_build/results?buildId=6933797,https://dev.azure.com/azure-sdk/590cfd2a-581c-4dcb-a12e-6568ce786175/_build/results?buildId=6933797,https://github.com/Azure/azure-sdk-for-python/issues?q=is%3Aopen+is%3Aissue+label%3Acustomer-reported+label%3AClient+-label%3Aissue-addressed+-label%3Abug+-label%3Aneeds-author-feedback+-label%3Afeature-request+label%3A%22Storage%22+created%3A%22%3C2026-09-09%22,https://github.com/Azure/azure-sdk-for-python/issues?q=is%3Aopen+is%3Aissue+label%3Acustomer-reported+label%3AClient+-label%3Aissue-addressed+-label%3Aquestion+-label%3Aneeds-author-feedback+-label%3Afeature-request+label%3A%22Storage%22+created%3A%22%3C2026-07-11%22,https://github.com/Azure/azure-sdk-for-python/issues?q=is%3Aopen+is%3Aissue+label%3Acustomer-reported+label%3AClient+label%3A%22Storage%22,10-09-2026 04:11:47,False
azure-storage-file-share,NEEDS_ACTION,UNKNOWN,DISABLED,ENABLED,UNKNOWN,UNKNOWN,UNKNOWN,FAIL,UNKNOWN,2,1,7,https://dev.azure.com/azure-sdk/590cfd2a-581c-4dcb-a12e-6568ce786175/_build/results?buildId=6936107,,https://dev.azure.com/azure-sdk/590cfd2a-581c-4dcb-a12e-6568ce786175/_build/results?buildId=6936107,https://dev.azure.com/azure-sdk/590cfd2a-581c-4dcb-a12e-6568ce786175/_build/results?buildId=6936107,https://dev.azure.com/azure-sdk/590cfd2a-581c-4dcb-a12e-6568ce786175/_build/results?buildId=6936107,https://dev.azure.com/azure-sdk/590cfd2a-581c-4dcb-a12e-6568ce786175/_build/results?buildId=6933797,https://dev.azure.com/azure-sdk/590cfd2a-581c-4dcb-a12e-6568ce786175/_build/results?buildId=6933797,https://github.com/Azure/azure-sdk-for-python/issues?q=is%3Aopen+is%3Aissue+label%3Acustomer-reported+label%3AClient+-label%3Aissue-addressed+-label%3Abug+-label%3Aneeds-author-feedback+-label%3Afeature-request+label%3A%22Storage%22+created%3A%22%3C2026-09-09%22,https://github.com/Azure/azure-sdk-for-python/issues?q=is%3Aopen+is%3Aissue+label%3Acustomer-reported+label%3AClient+-label%3Aissue-addressed+-label%3Aquestion+-label%3Aneeds-author-feedback+-label%3Afeature-request+label%3A%22Storage%22+created%3A%22%3C2026-07-11%22,https://github.com/Azure/azure-sdk-for-python/issues?q=is%3Aopen+is%3Aissue+label%3Acustomer-reported+label%3AClient+label%3A%22Storage%22,10-09-2026 04:11:47,False
azure-storage-queue,NEEDS_ACTION,UNKNOWN,DISABLED,ENABLED,UNKNOWN,UNKNOWN,UNKNOWN,FAIL,UNKNOWN,2,1,7,https://dev.azure.com/azure-sdk/590cfd2a-581c-4dcb-a12e-6568ce786175/_build/results?buildId=6936107,,https://dev.azure.com/azure-sdk/590cfd2a-581c-4dcb-a12e-6568ce786175/_build/results?buildId=6936107,https://dev.azure.com/azure-sdk/590cfd2a-581c-4dcb-a12e-6568ce786175/_build/results?buildId=6936107,https://dev.azure.com/azure-sdk/590cfd2a-581c-4dcb-a12e-6568ce786175/_build/results?buildId=6936107,https://dev.azure.com/azure-sdk/590cfd2a-581c-4dcb-a12e-6568ce786175/_build/results?buildId=6933797,https://dev.azure.com/azure-sdk/590cfd2a-581c-4dcb-a12e-6568ce786175/_build/results?buildId=6933797,https://github.com/Azure/azure-sdk-for-python/issues?q=is%3Aopen+is%3Aissue+label%3Acustomer-reported+label%3AClient+-label%3Aissue-addressed+-label%3Abug+-label%3Aneeds-author-feedback+-label%3Afeature-request+label%3A%22Storage%22+created%3A%22%3C2026-09-09%22,https://github.com/Azure/azure-sdk-for-python/issues?q=is%3Aopen+is%3Aissue+label%3Acustomer-reported+label%3AClient+-label%3Aissue-addressed+-label%3Aquestion+-label%3Aneeds-author-feedback+-label%3Afeature-request+label%3A%22Storage%22+created%3A%22%3C2026-07-11%22,https://github.com/Azure/azure-sdk-for-python/issues?q=is%3Aopen+is%3Aissue+label%3Acustomer-reported+label%3AClient+label%3A%22Storage%22,10-09-2026 04:11:47,False
azure-synapse-accesscontrol,BLOCKED,DISABLED,DISABLED,DISABLED,DISABLED,DISABLED,DISABLED,DISABLED,DISABLED,0,0,0,,,,,,,,,,,10-09-2026 04:11:47,False
azure-synapse-artifacts,NEEDS_ACTION,DISABLED,DISABLED,ENABLED,DISABLED,DISABLED,PASS,UNKNOWN,DISABLED,0,0,0,,,,,https://dev.azure.com/azure-sdk/590cfd2a-581c-4dcb-a12e-6568ce786175/_build/results?buildId=6935671,https://dev.azure.com/azure-sdk/590cfd2a-581c-4dcb-a12e-6568ce786175/_build/results?buildId=6906478,,,,,10-09-2026 04:11:47,False
azure-synapse-managedprivateendpoints,BLOCKED,DISABLED,DISABLED,DISABLED,DISABLED,DISABLED,DISABLED,DISABLED,DISABLED,0,0,0,,,,,,,,,,,10-09-2026 04:11:47,False
azure-synapse-monitoring,BLOCKED,DISABLED,DISABLED,DISABLED,DISABLED,DISABLED,DISABLED,DISABLED,DISABLED,0,0,0,,,,,,,,,,,10-09-2026 04:11:47,False
azure-synapse-spark,BLOCKED,DISABLED,DISABLED,DISABLED,DISABLED,DISABLED,DISABLED,DISABLED,DISABLED,0,0,0,,,,,,,,,,,10-09-2026 04:11:47,False
azure-template-two,NEEDS_ACTION,DISABLED,DISABLED,DISABLED,DISABLED,DISABLED,PASS,PASS,PASS,0,0,0,,,,,https://dev.azure.com/azure-sdk/590cfd2a-581c-4dcb-a12e-6568ce786175/_build/results?buildId=6933266,https://dev.azure.com/azure-sdk/590cfd2a-581c-4dcb-a12e-6568ce786175/_build/results?buildId=6936363,https://dev.azure.com/azure-sdk/590cfd2a-581c-4dcb-a12e-6568ce786175/_build/results?buildId=6936363,,,,10-09-2026 04:11:47,False
corehttp,NEEDS_ACTION,WARNING,DISABLED,ENABLED,WARNING,PASS,PASS,PASS,DISABLED,0,0,0,https://dev.azure.com/azure-sdk/590cfd2a-581c-4dcb-a12e-6568ce786175/_build/results?buildId=6915922,,https://dev.azure.com/azure-sdk/590cfd2a-581c-4dcb-a12e-6568ce786175/_build/results?buildId=6915922,https://dev.azure.com/azure-sdk/590cfd2a-581c-4dcb-a12e-6568ce786175/_build/results?buildId=6931552,https://dev.azure.com/azure-sdk/590cfd2a-581c-4dcb-a12e-6568ce786175/_build/results?buildId=6931552,https://dev.azure.com/azure-sdk/590cfd2a-581c-4dcb-a12e-6568ce786175/_build/results?buildId=6932757,,,,,10-09-2026 04:11:47,True
